chr	start	end	number_of_dms	hypermethylated_samples	hypomethylated_samples	methylation_level_16C_26psu_1	methylation_level_16C_26psu_2	methylation_level_16C_26psu_3	methylation_level_16C_26psu_4	methylation_level_16C_32psu_1	methylation_level_16C_32psu_2	methylation_level_16C_32psu_3	methylation_level_16C_32psu_4	methylation_level_8C_26psu_1	methylation_level_8C_26psu_2	methylation_level_8C_26psu_3	methylation_level_8C_26psu_4	methylation_level_8C_32psu_1	methylation_level_8C_32psu_2	methylation_level_8C_32psu_3	methylation_level_8C_32psu_4	methylation_level_CTRL_16C_26psu_1	methylation_level_CTRL_16C_26psu_2	methylation_level_CTRL_8C_26psu_1	methylation_level_CTRL_8C_26psu_2
NC_001960.1	3594	3771	13	CTRL_16C_26psu_2,16C_32psu_4,16C_32psu_1,CTRL_8C_26psu_2	8C_32psu_1,8C_32psu_4,16C_26psu_1,16C_26psu_4	0.0131494547787043	0.00977443609022556	0.00901577761081893	0.00918836140888208	0.0213698630136986	0.013953488372093	0.0171730515191546	0.0209840810419682	0.0223695111847556	0.0157264957264957	0.0153636053260498	0.00805152979066022	0.0106017191977077	0.0110446387482743	0.0110782865583456	0.00948081264108352	0.00989445910290238	0.0298342541436464	0.00716479017400205	0.018348623853211
NC_001960.1	3893	3937	10	8C_32psu_4,CTRL_16C_26psu_2,16C_32psu_3,16C_32psu_1	16C_26psu_3,16C_26psu_4,8C_26psu_3,CTRL_8C_26psu_2,16C_26psu_1	0.0221729490022173	0.0255043776170537	0.0216836734693878	0.0248739495798319	0.0389543823680164	0.0304149085794655	0.0376766091051805	0.0293609671848014	0.0337256677229516	0.0280373831775701	0.0257152588555858	0.0254237288135593	0.0326086956521739	0.0262576008844666	0.0276243093922652	0.0511411665257819	0.0293737895416398	0.0521202573191545	0.0241416309012876	0.0282768317450398
NC_001960.1	6640	6848	8	16C_32psu_2,8C_26psu_3,16C_32psu_3,16C_32psu_1,16C_32psu_4,CTRL_16C_26psu_2	16C_26psu_3,16C_26psu_1,8C_32psu_2	0.009184128399465	0.00861008610086101	0.00780003545470661	0.00916936353829558	0.00845238095238095	0.0125410570319498	0.0123900879296563	0.011311939013894	0.00985841636077609	0.00988367007784484	0.0104343605920893	0.00526170036001108	0.0113058224985868	0.00654746915134727	0.0114653683053243	0.00903195924038907	0.00999286224125625	0.0123313506455825	0.0109637939826619	0.00978144581996026
NC_001960.1	8663	8768	8	16C_32psu_2,16C_32psu_4,16C_32psu_1,16C_32psu_3,CTRL_16C_26psu_2	16C_26psu_3,8C_32psu_3	0.00966792770071459	0.00769794721407625	0.00416281221091582	0.00639658848614072	0.0122226400902595	0.0116859243697479	0.0144293834717971	0.0128470783257356	0.0117078136930517	0.00924280127977248	0.00743281875357347	0.00759301442672741	0.00651219142813872	0.00786410821012897	0.00527622594661701	0.0121020784004209	0.00791765637371338	0.0122523760448872	0.0069589422407794	0.0104019746121298
NC_001960.1	16227	16274	8	16C_32psu_3,CTRL_16C_26psu_2,16C_32psu_1,16C_32psu_4	8C_26psu_4,16C_26psu_1,8C_26psu_2,CTRL_8C_26psu_2	0.0123076923076923	0.0127750177430802	0.0162107396149949	0.0160818713450292	0.0288127173373075	0.0240963855421687	0.0289093298291721	0.0288739172281039	0.0253807106598985	0.012494614390349	0.0134340890008396	0.00175746924428822	0.0206143896523848	0.0206327372764787	0.0171875	0.0214132762312634	0.0223367697594502	0.0310486233157586	0.0148448043184885	0.011144883485309
NC_027300.1	10343919	10343938	3	16C_26psu_1,16C_26psu_4	16C_32psu_1,16C_32psu_3,8C_26psu_2	0.772727272727273	0.512820512820513	NA	0.674418604651163	0.263157894736842	0.426470588235294	0.181818181818182	0.583333333333333	0.611111111111111	0.266666666666667	0.444444444444444	NA	0.5625	0.277777777777778	0.594594594594595	0.125	0.722222222222222	0.411764705882353	NA	0.6
NC_027300.1	15122262	15122271	3	16C_32psu_1,8C_32psu_1,8C_32psu_3,8C_32psu_4,16C_32psu_2	8C_26psu_3,CTRL_16C_26psu_2	0.2	0.117647058823529	0.277777777777778	0.05	0.705882352941177	0.785714285714286	0.0416666666666667	0.142857142857143	0	0.171428571428571	0.078125	0.4	0.583333333333333	0.0434782608695652	0.454545454545455	0.736842105263158	0.210526315789474	0.037037037037037	0.0909090909090909	0.19047619047619
NC_027300.1	32662967	32663253	6	8C_32psu_1,8C_32psu_4,CTRL_8C_26psu_1	8C_26psu_4,16C_26psu_4	0.419354838709677	0.235294117647059	NA	0	0.0666666666666667	0	0.1	0.121212121212121	0.166666666666667	0.3	0.16	0	0.611111111111111	0.0689655172413793	0.285714285714286	0.482758620689655	0.125	0.19672131147541	0.512820512820513	0.333333333333333
NC_027300.1	40642530	40642598	7	16C_32psu_4,CTRL_8C_26psu_1,CTRL_8C_26psu_2,16C_32psu_2	8C_32psu_3,8C_26psu_2	0.887323943661972	0.95	0.867924528301887	0.79	0.8	0.931818181818182	0.761904761904762	0.964912280701754	0.872340425531915	0.746987951807229	0.891566265060241	NA	0.863013698630137	NA	0.483870967741935	0.8	0.842857142857143	0.857142857142857	0.947368421052632	0.917431192660551
NC_027300.1	41463726	41463858	3	16C_26psu_1,8C_26psu_3,8C_26psu_4,16C_26psu_4	16C_32psu_4,8C_32psu_1,CTRL_16C_26psu_1,8C_32psu_3	1	0.857142857142857	0.363636363636364	1	1	0.5	0.2	0	0.9	0.333333333333333	0.9	1	0.0526315789473684	0.9	0.277777777777778	NA	0.1	0.8	NA	0.727272727272727
NC_027300.1	53523100	53523250	5	16C_32psu_3,16C_26psu_2,16C_26psu_1	8C_26psu_4	0.782608695652174	0.666666666666667	0.75	0.459459459459459	0.575757575757576	0.764705882352941	0.72972972972973	0.681818181818182	NA	0.645161290322581	0.515151515151515	0.024390243902439	0.761904761904762	NA	0.6	0.5625	0.74468085106383	0.659574468085106	NA	0.5
NC_027300.1	65107271	65107455	5	16C_26psu_3,16C_26psu_2,16C_32psu_4	8C_26psu_4,CTRL_8C_26psu_1,8C_32psu_1	0.565217391304348	0.687116564417178	0.684210526315789	0.59375	0.580645161290323	0.528089887640449	0.5	0.714285714285714	0.616666666666667	0.629032258064516	0.525252525252525	0.270588235294118	0.24	0.64	0.578947368421053	0.533333333333333	0.635514018691589	0.75609756097561	0.556390977443609	0.426470588235294
NC_027300.1	69211159	69211369	6	8C_26psu_4,8C_26psu_2	16C_32psu_3,CTRL_8C_26psu_1,16C_26psu_3,16C_32psu_4,16C_32psu_2	0.798165137614679	0.773333333333333	0.75	0.868055555555556	0.826086956521739	0.703703703703704	0.729411764705882	0.786666666666667	0.850746268656716	0.876404494382023	0.955223880597015	0.904761904761905	0.904761904761905	0.818181818181818	0.807017543859649	NA	0.89375	0.884615384615385	0.8	0.853932584269663
NC_027300.1	95151380	95151407	4	8C_26psu_2,16C_26psu_3,8C_26psu_4	16C_32psu_2	0.861111111111111	0.769230769230769	1	1	0.891304347826087	0.418181818181818	0.638888888888889	NA	0.771929824561403	0.957446808510638	0.728571428571429	1	0.728395061728395	0.743589743589744	0.763157894736842	0.6	0.75609756097561	0.771428571428571	NA	0.659574468085106
NC_027300.1	101870325	101870352	3	CTRL_16C_26psu_1,CTRL_16C_26psu_2	16C_32psu_3,8C_26psu_1	0.758620689655172	0.6875	NA	0.777777777777778	0.739130434782609	0.5625	0.08	0.6	0.285714285714286	0.594594594594595	0.633333333333333	NA	0.444444444444444	NA	0.571428571428571	0.523809523809524	0.744186046511628	0.769230769230769	NA	0.533333333333333
NC_027300.1	108719095	108719119	3	CTRL_16C_26psu_1,CTRL_16C_26psu_2	16C_26psu_3,8C_26psu_3	0.4	0.666666666666667	0	0.714285714285714	0.476190476190476	NA	0.384615384615385	0.428571428571429	0.357142857142857	0.388888888888889	0.111111111111111	0.833333333333333	0.44	NA	0.285714285714286	0.157894736842105	0.777777777777778	0.584905660377358	NA	0.386363636363636
NC_027300.1	150570743	150570814	5	16C_32psu_3,8C_26psu_4,8C_26psu_3	16C_26psu_1,8C_32psu_4	0.194915254237288	0.375	0.4	0.4	0.5	0.21875	0.564102564102564	0.195652173913043	0.463414634146341	0.46551724137931	0.366666666666667	0.761904761904762	0.419642857142857	0.25	0.285714285714286	0.125	0.37037037037037	NA	0.473684210526316	0.309090909090909
NC_027300.1	157102593	157102628	3	16C_32psu_2,16C_32psu_4	16C_26psu_3,8C_26psu_2,8C_26psu_3	0.431818181818182	NA	0.125	0.2	0.645161290322581	1	0.6	0.941176470588235	0.65	0.0740740740740741	0.321428571428571	0.6	0.529411764705882	0.666666666666667	0.558823529411765	NA	0.266666666666667	0.315789473684211	NA	0.583333333333333
NC_027301.1	21218	21371	5	16C_32psu_2,16C_32psu_3	8C_26psu_4,8C_32psu_4,CTRL_16C_26psu_2,8C_26psu_2	0.924242424242424	0.91304347826087	1	0.875	0.912280701754386	0.939189189189189	0.925	0.85	0.884615384615385	0.835164835164835	0.977272727272727	0.4	0.923076923076923	0.818181818181818	0.883116883116883	0.774647887323944	0.893939393939394	0.704225352112676	0.870967741935484	0.787878787878788
NC_027301.1	1529495	1529563	14	8C_32psu_4,8C_32psu_1,16C_32psu_3		0.00546448087431694	0.05	NA	0	0.0248756218905473	0	0.072	0.0204081632653061	0	0.0294117647058824	0.0147058823529412	NA	0.101123595505618	0	0	0.170212765957447	0.037037037037037	0	NA	0.0149253731343284
NC_027301.1	26342332	26342480	3	CTRL_8C_26psu_2,16C_32psu_1,16C_32psu_2	16C_26psu_3,16C_26psu_2	0.48	0.15625	0	0.392857142857143	0.883720930232558	0.869565217391304	NA	0.607142857142857	0.285714285714286	0.368421052631579	0.68	NA	0.692307692307692	NA	0.25	0	0.294117647058824	0.125	0.263157894736842	0.558823529411765
NC_027301.1	28080633	28080661	3	16C_26psu_2,16C_26psu_1,16C_26psu_4	16C_32psu_1,CTRL_16C_26psu_1,16C_32psu_3,8C_32psu_4	0.979166666666667	0.931818181818182	0.916666666666667	0.964285714285714	0.702380952380952	0.952380952380952	0.743589743589744	0.916666666666667	0.880597014925373	0.794871794871795	0.88	NA	0.822222222222222	0.822222222222222	0.943396226415094	0.75	0.76	0.818181818181818	0.904761904761905	0.784313725490196
NC_027301.1	32623148	32623201	7	16C_26psu_1,16C_26psu_2,16C_26psu_3,CTRL_8C_26psu_2,CTRL_8C_26psu_1	8C_32psu_4,16C_32psu_3	0.657894736842105	0.470588235294118	0.559322033898305	0.533333333333333	0.393939393939394	0.180327868852459	0.0377358490566038	NA	0.282051282051282	0.25	0.323529411764706	NA	0.137931034482759	NA	0.238095238095238	0.0597014925373134	NA	0.35	0.527777777777778	0.636363636363636
NC_027301.1	38125340	38125394	6	8C_26psu_2,8C_26psu_3	16C_32psu_4,8C_32psu_3,16C_32psu_1	0.478260869565217	0.2	NA	0.305555555555556	0.162790697674419	0.355555555555556	0	0.1	0.666666666666667	0.742424242424242	0.516666666666667	NA	0.283783783783784	0.611111111111111	0.191489361702128	0.240740740740741	0.296296296296296	0.6	0.432432432432432	0.433734939759036
NC_027301.1	41382334	41382357	3	16C_32psu_1,16C_32psu_2,CTRL_16C_26psu_1	8C_26psu_2	0.490196078431373	0.522727272727273	0.626865671641791	0.58695652173913	0.728155339805825	0.779411764705882	0.566666666666667	0.875	0.605633802816901	0.241935483870968	0.609375	NA	0.560606060606061	0.463414634146341	0.589285714285714	NA	0.754385964912281	0.491228070175439	0.875	0.566666666666667
NC_027301.1	43069196	43069299	4	16C_32psu_3,16C_32psu_4,8C_26psu_2	8C_32psu_1	0.24390243902439	0.431818181818182	0	0.386363636363636	0.188679245283019	0.275	0.342857142857143	0.75	0.377777777777778	0.5	0.214285714285714	NA	0.0535714285714286	0.166666666666667	0.611111111111111	0.333333333333333	0.322916666666667	0.3	0.533333333333333	0.15
NC_027301.1	45282713	45282740	3	16C_26psu_1,16C_26psu_3,8C_32psu_3	16C_32psu_2	0.810810810810811	0.5	1	0.513513513513513	0.75	0.414634146341463	0.571428571428571	NA	0.486486486486487	0.5	0.5	NA	0.620689655172414	0.5	1	NA	0.5	0.636363636363636	NA	0.8
NC_027301.1	51687467	51687489	4	8C_32psu_2,8C_32psu_1	8C_26psu_2,8C_26psu_3	0.379310344827586	0.595238095238095	0.666666666666667	0.647058823529412	0.4	0.605263157894737	0.666666666666667	NA	0.533333333333333	0.344827586206897	0.263157894736842	NA	0.777777777777778	1	0.772727272727273	NA	0.6	0.533333333333333	NA	0.638888888888889
NC_027301.1	53270967	53270987	9	16C_32psu_1,16C_32psu_2,16C_32psu_4,16C_26psu_4,8C_32psu_1	8C_26psu_2,8C_26psu_4,CTRL_8C_26psu_2	0.571428571428571	1	NA	1	0.966101694915254	1	0.85	0.973684210526316	0.846153846153846	0.714285714285714	0.857142857142857	0.351351351351351	0.940298507462687	0.951219512195122	0.92	0.91304347826087	0.933333333333333	0.931034482758621	1	0.776119402985075
NC_027301.1	57059575	57059593	3	16C_26psu_3,16C_26psu_4	CTRL_16C_26psu_2	0.708333333333333	0.577777777777778	0.852941176470588	0.871794871794872	0.566666666666667	0.576923076923077	0.580645161290323	NA	0.5	0.476190476190476	0.454545454545455	0.739130434782609	0.678571428571429	0.851851851851852	0.828571428571429	0.2	0.625	0.290322580645161	0.833333333333333	0.620689655172414
NC_027301.1	68457293	68457340	6	CTRL_16C_26psu_1,CTRL_8C_26psu_2,8C_26psu_2,16C_26psu_3,CTRL_8C_26psu_1	8C_32psu_1	0.0833333333333333	0.0932642487046632	0.134328358208955	0.0758620689655172	0.0923076923076923	0.0581395348837209	0.0402684563758389	0	0.094017094017094	0.189473684210526	0.0272108843537415	0	0.029045643153527	0.142857142857143	0.103092783505155	0.0476190476190476	0.121673003802281	0.0258620689655172	0.145161290322581	0.157657657657658
NC_027302.1	14373444	14373774	10	8C_32psu_1,CTRL_8C_26psu_1,8C_32psu_2,8C_32psu_4,16C_26psu_2	16C_32psu_1,16C_32psu_2	0.25	0.303921568627451	0.145454545454545	0.137254901960784	0.021978021978022	0.0342465753424658	0.096	0.0980392156862745	0.278688524590164	0.217391304347826	0.196969696969697	0.288135593220339	0.35	0.311926605504587	0.139344262295082	0.157534246575342	0.181034482758621	0.258741258741259	0.37	0.220338983050847
NC_027302.1	24590613	24590623	4	CTRL_16C_26psu_2,CTRL_16C_26psu_1	16C_26psu_1,16C_32psu_2,8C_32psu_3	0.40625	0.807228915662651	0.833333333333333	0.8	0.8125	0.523809523809524	1	NA	0.867647058823529	0.913793103448276	0.895833333333333	0.676470588235294	0.956521739130435	0.843137254901961	0.597014925373134	1	0.942307692307692	1	0.75	0.814285714285714
NC_027302.1	31132851	31132902	4	8C_26psu_2,8C_26psu_3,16C_32psu_3	CTRL_8C_26psu_2,16C_26psu_4,CTRL_16C_26psu_1	0.4	0.612903225806452	0	0.351351351351351	0.574468085106383	0.541666666666667	0.823529411764706	0.3	0.481481481481481	0.730769230769231	0.875	0.571428571428571	0.606060606060606	0.6	0.416666666666667	NA	0.30188679245283	0.628571428571429	NA	0.292307692307692
NC_027302.1	35721103	35721152	4	8C_26psu_2,8C_26psu_4,CTRL_8C_26psu_2	16C_26psu_3,16C_26psu_4,8C_32psu_1	0.837837837837838	0.866666666666667	0.0967741935483871	0.578947368421053	0.794871794871795	0.96875	0.931034482758621	0.6	1	0.815789473684211	0.872727272727273	1	0.688888888888889	0.916666666666667	1	0.8	0.918918918918919	0.934782608695652	NA	1
NC_027302.1	84907806	84907858	4	8C_26psu_3,8C_26psu_2	16C_32psu_1,8C_32psu_1,16C_26psu_3	0.6	0.166666666666667	0.357142857142857	0.607142857142857	0.261538461538462	0.612244897959184	0.368421052631579	NA	0.580645161290323	0.725490196078431	0.8	NA	0.321428571428571	0.6	0.512820512820513	NA	0.333333333333333	0.222222222222222	0.833333333333333	0
NC_027303.1	9488097	9488130	4	8C_32psu_3,8C_32psu_4,CTRL_16C_26psu_1	16C_32psu_1,16C_32psu_2,8C_26psu_3	0.0833333333333333	0.307692307692308	0	0.117647058823529	0	0	0.0416666666666667	NA	0.1	0.318181818181818	0.0192307692307692	NA	0.153846153846154	0.0833333333333333	0.8	0.404761904761905	0.526315789473684	0	0.25	0
NC_027303.1	11479344	11479484	3	16C_32psu_1,16C_32psu_2,8C_32psu_1,8C_32psu_3	16C_26psu_1,8C_26psu_3,CTRL_8C_26psu_2	0	0.205882352941176	0.6	0.294117647058824	0.775	0.75	NA	0.411764705882353	0.117647058823529	0.0740740740740741	0.024390243902439	NA	0.857142857142857	0.428571428571429	0.714285714285714	0.263157894736842	0.0555555555555556	NA	NA	0
NC_027303.1	11810571	11810605	6	16C_32psu_1,CTRL_8C_26psu_2,CTRL_8C_26psu_1,8C_26psu_3	16C_26psu_4,8C_32psu_2	0.403846153846154	0.416666666666667	0.317073170731707	0.234042553191489	0.67948717948718	0.425	NA	0.366666666666667	0.333333333333333	0.418604651162791	0.568181818181818	0.8	0.35	0.225	0.6	NA	0.326530612244898	NA	0.548387096774194	0.529411764705882
NC_027303.1	15729211	15729690	9	16C_32psu_4,CTRL_8C_26psu_1,16C_32psu_2,CTRL_8C_26psu_2,8C_32psu_3,16C_32psu_1,8C_32psu_2	CTRL_16C_26psu_1,16C_26psu_1	0.0208333333333333	0.9375	0.909090909090909	0.909090909090909	0.945454545454545	0.8	0.5	0.948717948717949	0.727272727272727	0.5	0.512820512820513	NA	NA	0.964285714285714	0.96	1	0.152380952380952	1	0.6	0.82051282051282
NC_027303.1	39435743	39435930	4	CTRL_8C_26psu_2,8C_26psu_3,8C_26psu_4		0.117647058823529	0.0208333333333333	NA	0.15	0.0169491525423729	0.0857142857142857	0.1	0	NA	0.0512820512820513	0.355932203389831	0.272727272727273	0.0666666666666667	0	NA	0.111111111111111	0	0.0952380952380952	0.0416666666666667	0.482142857142857
NC_027303.1	48004624	48004679	4	16C_26psu_1,16C_26psu_3	8C_32psu_3,8C_32psu_4	0.862068965517241	0.75	1	0.857142857142857	1	0.736842105263158	NA	0.8	0.622222222222222	0.6	0.818181818181818	NA	NA	1	0.384615384615385	0.3	0.77027027027027	0.551724137931034	0.833333333333333	0.6
NC_027303.1	52385220	52385252	4	16C_32psu_4,8C_32psu_2,CTRL_16C_26psu_2,16C_32psu_1	16C_26psu_4,8C_26psu_3,CTRL_8C_26psu_1	0.212121212121212	0.25	0.2	0.075	0.314285714285714	0.27710843373494	0.282608695652174	0.531645569620253	0.125	0.236111111111111	0.0930232558139535	NA	0.2	0.4375	0.192307692307692	0.2	0.159090909090909	0.415094339622642	0	0.24
NC_027303.1	56548267	56548304	4	8C_26psu_2,8C_26psu_3,8C_32psu_2	CTRL_16C_26psu_2,CTRL_8C_26psu_1	0.75	0.642857142857143	NA	0.6	0.59375	0.8	0.645161290322581	NA	0.666666666666667	0.958333333333333	0.907692307692308	NA	0.628571428571429	1	0.5	0.657142857142857	0.685185185185185	0.25	0.0869565217391304	0.483870967741935
NC_027303.1	59186660	59186680	4	CTRL_16C_26psu_1,CTRL_16C_26psu_2	8C_26psu_4,8C_32psu_1	0.724137931034483	0.590909090909091	NA	0.888888888888889	0.923076923076923	0.612903225806452	0.833333333333333	NA	0.870967741935484	NA	0.875	0.5	0.660377358490566	0.6	0.758620689655172	0.65625	0.931034482758621	0.918367346938776	NA	0.728571428571429
NC_027303.1	67325150	67325166	3	16C_32psu_2,8C_26psu_4,8C_26psu_2	16C_26psu_1,CTRL_8C_26psu_2	0.0476190476190476	0	NA	0	0.189189189189189	0.333333333333333	0.0909090909090909	NA	0.142857142857143	0.254901960784314	0.0740740740740741	0.583333333333333	0.0303030303030303	0.0909090909090909	0.0588235294117647	0.135135135135135	0.0769230769230769	0.333333333333333	0.277777777777778	0.0588235294117647
NC_027303.1	70006326	70006336	3	16C_26psu_1,8C_26psu_2,8C_32psu_3,8C_32psu_1		0.318181818181818	0	0	0	0.104166666666667	0	0	0	0.133333333333333	0.357142857142857	0.111111111111111	0	0.28	0.4	0.55	0.0833333333333333	NA	0	0.2	0
NC_027303.1	77971685	77971930	3	16C_32psu_1,8C_26psu_1,8C_26psu_3	CTRL_8C_26psu_2,16C_26psu_2	0.705882352941177	0.545454545454545	0.803921568627451	0.758620689655172	0.85	0.416666666666667	0.67741935483871	0.666666666666667	0.714285714285714	0.707692307692308	0.75	NA	0.705882352941177	0.8	0.794871794871795	0.481481481481481	0.715909090909091	0.736842105263158	0.675	0.580246913580247
NC_027303.1	81936026	81936066	4	16C_26psu_1,16C_26psu_4,8C_26psu_4,CTRL_16C_26psu_2	16C_32psu_1,8C_32psu_1,8C_32psu_3	1	0.88	NA	0.967741935483871	0.297297297297297	0.846153846153846	0.72	0.625	1	NA	0.75	1	0.454545454545455	0.625	0.418604651162791	0.578947368421053	NA	0.96	0.847826086956522	0.833333333333333
NC_027304.1	15750	15873	5	CTRL_16C_26psu_1,CTRL_8C_26psu_1,16C_32psu_1,CTRL_8C_26psu_2		0.0530973451327434	0.0087719298245614	0	0.0172413793103448	0.0535714285714286	0.00636942675159236	0	0.0476190476190476	0.0208333333333333	0.0149253731343284	0	NA	0.00719424460431655	0	0.04	0	0.0671641791044776	0.038961038961039	0.418604651162791	0.045
NC_027304.1	27345449	27345576	10	16C_32psu_3,16C_32psu_4,CTRL_8C_26psu_2,16C_32psu_1	16C_26psu_1,16C_26psu_3,8C_26psu_3,CTRL_16C_26psu_2	0.146666666666667	0.380281690140845	0.236714975845411	0.351063829787234	0.564102564102564	0.397260273972603	0.76	0.75609756097561	0.347826086956522	0.444444444444444	0.159420289855072	0.56	0.636363636363636	0.463414634146341	0.53125	NA	0.379310344827586	0.113207547169811	0.489795918367347	0.491869918699187
NC_027304.1	29426754	29426798	3	16C_26psu_3,16C_32psu_2,16C_32psu_3,CTRL_8C_26psu_2,16C_26psu_2	8C_26psu_1,8C_26psu_4,8C_32psu_1,8C_32psu_2,8C_32psu_3,CTRL_16C_26psu_1	0.754716981132076	0.892857142857143	0.877551020408163	0.625	0.733333333333333	0.898305084745763	1	0.764705882352941	0.5	0.666666666666667	0.753424657534247	0.115384615384615	0.40625	0.3	0	0.571428571428571	0.485714285714286	0.464285714285714	0.85	0.959183673469388
NC_027304.1	32088433	32088627	3	16C_26psu_1,16C_26psu_2,8C_32psu_1		0.183673469387755	0.0909090909090909	NA	0.0833333333333333	0.0285714285714286	NA	0.0285714285714286	0	0.0238095238095238	0.0217391304347826	0.0425531914893617	NA	0.6	0	0.0465116279069767	0.0416666666666667	0	NA	NA	0.0602409638554217
NC_027304.1	34179921	34179936	4	16C_32psu_1,16C_32psu_2	16C_26psu_1,8C_26psu_2	0.580645161290323	0.761904761904762	NA	0.711538461538462	0.9375	1	1	1	0.631578947368421	0.536585365853659	0.836363636363636	NA	0.575757575757576	0.777777777777778	0.810810810810811	0.814814814814815	0.846153846153846	0.848484848484849	NA	0.592592592592593
NC_027304.1	35682502	35682817	7	8C_26psu_2,8C_32psu_1,8C_32psu_4,8C_26psu_4	16C_26psu_2,16C_32psu_4,CTRL_16C_26psu_1	0.105263157894737	0.05	0.05	0	0.117647058823529	0.0517241379310345	NA	0.1	NA	0.228571428571429	0.0833333333333333	0.5	0.291338582677165	0.0921052631578947	0.163265306122449	0.333333333333333	0.00869565217391304	NA	0	0
NC_027304.1	46554448	46554482	3	CTRL_16C_26psu_1,CTRL_16C_26psu_2	8C_26psu_1,8C_32psu_4	0.64	0.685714285714286	NA	0.652173913043478	0.634146341463415	0.553571428571429	0.666666666666667	0.529411764705882	0.175	0.342857142857143	0.45	0.333333333333333	0.588235294117647	0.714285714285714	0.37037037037037	0.153846153846154	0.813953488372093	0.75	NA	0.676470588235294
NC_027304.1	51938457	51938472	4	8C_26psu_1,8C_26psu_3	16C_26psu_3,16C_32psu_2,CTRL_8C_26psu_2	0.931506849315068	0.919354838709677	0.823529411764706	0.983050847457627	0.95	0.852941176470588	1	0.9	1	1	1	NA	0.857142857142857	1	0.904761904761905	0.941176470588235	0.981308411214953	1	0.907894736842105	0.875
NC_027304.1	67438006	67438102	6	16C_26psu_2,8C_26psu_3,8C_26psu_2	8C_32psu_4,16C_32psu_1,16C_32psu_2	0.631578947368421	0.92156862745098	0.4	NA	0.43859649122807	0.424242424242424	0.928571428571429	1	0.788732394366197	0.885714285714286	0.896551724137931	NA	NA	1	0.609756097560976	0.666666666666667	0.8	NA	NA	0.2
NC_027305.1	6966670	6966859	7	CTRL_16C_26psu_1,8C_26psu_1,16C_32psu_2,8C_26psu_4	16C_26psu_3,16C_26psu_1,16C_26psu_2,16C_26psu_4	0.287671232876712	0.48936170212766	0.2	0.38135593220339	0.471337579617834	0.448529411764706	0.513761467889908	0.421052631578947	0.518987341772152	0.419753086419753	0.449438202247191	1	0.415384615384615	0.257425742574257	0.33125	0.496124031007752	0.575	0.535433070866142	0.455696202531646	0.323529411764706
NC_027305.1	11782206	11782247	5	16C_32psu_1,16C_32psu_4,CTRL_8C_26psu_1	8C_32psu_1,8C_32psu_2,16C_26psu_1	0.730434782608696	0.824175824175824	0.6	0.84	1	0.923076923076923	0.859649122807018	0.983050847457627	0.935483870967742	0.846938775510204	0.896551724137931	NA	0.523076923076923	0.674418604651163	0.696969696969697	0.736842105263158	0.851063829787234	0.837209302325581	0.967213114754098	0.733333333333333
NC_027305.1	32919291	32919314	3	16C_32psu_2,16C_32psu_3	16C_26psu_1,CTRL_8C_26psu_2	0.292682926829268	0.452380952380952	NA	0.696969696969697	0.583333333333333	0.888888888888889	0.888888888888889	NA	0.8	0.446808510638298	0.56	NA	0.416666666666667	0.633333333333333	0.439024390243902	0.8	0.612903225806452	0.4	0.5	0.379310344827586
NC_027305.1	40725945	40726014	4	8C_32psu_4,8C_32psu_2,8C_26psu_3	16C_32psu_4,CTRL_16C_26psu_2	0.5	0.416666666666667	NA	0.282051282051282	0.25	0.270588235294118	0.142857142857143	0.162162162162162	0.369565217391304	0.580645161290323	0.542056074766355	NA	0.407407407407407	0.625	0.421052631578947	0.7	0.323529411764706	0.15	NA	0.224489795918367
NC_027305.1	60265985	60266170	4	16C_26psu_1,16C_26psu_4,CTRL_8C_26psu_2	8C_26psu_3	0.476190476190476	0.115384615384615	1	0.818181818181818	0.333333333333333	0.285714285714286	0	0.2	0.181818181818182	0	0.466666666666667	0	0.266666666666667	1	0.230769230769231	0.136363636363636	0.142857142857143	0	0	0.916666666666667
NC_027305.1	63788560	63788746	3	CTRL_16C_26psu_2,CTRL_16C_26psu_1	16C_32psu_1,8C_32psu_2,16C_26psu_1,16C_26psu_4,8C_26psu_4	0.720930232558139	0.666666666666667	NA	0.620689655172414	0.68	0.684210526315789	0.916666666666667	NA	NA	0.84	0.731707317073171	0.7	0.902439024390244	0.65	0.769230769230769	0.6875	0.925	0.863636363636364	NA	0.742857142857143
NC_027306.1	10198345	10198386	4	16C_32psu_1,16C_32psu_2,8C_32psu_1,16C_26psu_4	8C_26psu_3	0.0461538461538462	0.0454545454545455	NA	0.387096774193548	0.392857142857143	0.628571428571429	NA	0.16	0.0357142857142857	0	0	NA	0.514285714285714	NA	0.0294117647058824	0.0526315789473684	0.116279069767442	0.125	NA	0.183673469387755
NC_027306.1	16465909	16465964	8	8C_26psu_4,8C_26psu_2	16C_32psu_4,CTRL_16C_26psu_1,CTRL_8C_26psu_1	0.914572864321608	0.930434782608696	0.982456140350877	0.956756756756757	0.94300518134715	0.930817610062893	0.908163265306122	0.865079365079365	0.946428571428571	0.94672131147541	0.919463087248322	0.972413793103448	0.920634920634921	0.95	0.935064935064935	0.952380952380952	0.917293233082707	0.963636363636364	0.739583333333333	0.908675799086758
NC_027306.1	19436381	19436399	4	16C_32psu_1,16C_32psu_3,CTRL_8C_26psu_1	8C_26psu_2	0.645161290322581	0.540540540540541	NA	0.704545454545455	0.75	0.46875	0.810810810810811	0.55	0.692307692307692	0.467741935483871	0.611111111111111	0.452830188679245	0.703703703703704	NA	0.653846153846154	0.387096774193548	0.51219512195122	NA	0.962962962962963	0.575
NC_027306.1	24768317	24768381	3	8C_26psu_3,8C_26psu_2	16C_26psu_3,8C_32psu_1,CTRL_16C_26psu_1,8C_32psu_4	0.839285714285714	0.828571428571429	0.352941176470588	0.739130434782609	0.86	0.846153846153846	0.901960784313726	0.666666666666667	0.631578947368421	0.923076923076923	0.788888888888889	0.75	0.652173913043478	0.848484848484849	0.8	0.531914893617021	0.5	0.716981132075472	0.871794871794872	0.846153846153846
NC_027306.1	46260663	46260759	8	CTRL_16C_26psu_1,16C_32psu_1,16C_32psu_2	16C_26psu_3,16C_26psu_4,8C_26psu_1,16C_26psu_2,8C_26psu_3	0.225352112676056	0.14018691588785	0	0.0506329113924051	0.434782608695652	0.373015873015873	0.298076923076923	0.182481751824818	0.0957446808510638	0.238636363636364	0.152941176470588	NA	0.298076923076923	0.28448275862069	0.266129032258065	0.215686274509804	0.451612903225806	0.242424242424242	0.212121212121212	0.198019801980198
NC_027307.1	381974	382078	6	16C_32psu_4,CTRL_8C_26psu_2,16C_32psu_3,8C_26psu_3	16C_26psu_4	0.0520231213872832	0.11377245508982	0	0.0848484848484849	0.134969325153374	0.0161290322580645	0.270833333333333	0.317073170731707	0.0970149253731343	0.119205298013245	0.187096774193548	NA	0.0404040404040404	0.083969465648855	0.0974025974025974	0.142857142857143	0.0572687224669604	0.0471698113207547	0.0625	0.18141592920354
NC_027307.1	21236885	21236906	4	16C_26psu_2,16C_26psu_4,16C_32psu_3,8C_26psu_1	8C_32psu_1	0.897435897435897	0.980769230769231	0.75	0.96	0.75	0.90625	0.966666666666667	0.725	0.981481481481482	0.931818181818182	0.74468085106383	NA	0.692307692307692	0.8	0.75	0.9	0.833333333333333	0.875	0.8	0.857142857142857
NC_027308.1	11856228	11856255	3	8C_26psu_1,8C_26psu_2	16C_32psu_1	0.684210526315789	0.733333333333333	NA	0.8	0.3	0.411764705882353	0.434782608695652	NA	0.818181818181818	0.708333333333333	0.523809523809524	NA	0.533333333333333	0.590909090909091	0.321428571428571	0.181818181818182	0.666666666666667	NA	NA	0.529411764705882
NC_027308.1	16327571	16327608	3	16C_32psu_1,8C_32psu_1,8C_32psu_4,16C_26psu_4	8C_26psu_3,CTRL_16C_26psu_1,CTRL_16C_26psu_2	0.541666666666667	0.1	NA	1	0.777777777777778	0.166666666666667	0.35	0.571428571428571	0.368421052631579	0.428571428571429	0.0638297872340425	NA	0.736842105263158	0.6	0.166666666666667	0.636363636363636	0.125	0.133333333333333	NA	NA
NC_027308.1	45082673	45082697	4	16C_26psu_1,16C_26psu_3,CTRL_8C_26psu_2	16C_32psu_1,16C_32psu_2,8C_26psu_1	1	1	0.989010989010989	0.818181818181818	0.625	0.636363636363636	0.833333333333333	0.956521739130435	0.55	0.8	0.75	0.934426229508197	0.863636363636364	0.826086956521739	0.875	0.878787878787879	NA	0.833333333333333	0.831325301204819	0.943820224719101
NC_027308.1	51012870	51012891	3	CTRL_16C_26psu_1,CTRL_16C_26psu_2	16C_26psu_2,8C_26psu_3	0.344827586206897	0.138888888888889	NA	0.314285714285714	0.571428571428571	0.32258064516129	0.333333333333333	NA	0.238095238095238	0.175	0.152173913043478	NA	0.428571428571429	0.4375	0	0.333333333333333	0.519230769230769	0.666666666666667	0.3	0.407407407407407
NC_027308.1	55679097	55679109	3	8C_26psu_2,8C_26psu_4,CTRL_8C_26psu_1	16C_26psu_1,8C_32psu_3	0.380952380952381	0.613636363636364	0.4	0.461538461538462	0.634146341463415	0.645161290322581	0.473684210526316	0.678571428571429	0.333333333333333	0.761904761904762	0.515151515151515	0.807692307692308	0.392156862745098	0.671232876712329	0.227272727272727	0.4	0.430555555555556	0.571428571428571	1	0.531645569620253
NC_027308.1	63339374	63339398	3	16C_32psu_1,8C_32psu_3,CTRL_8C_26psu_1,CTRL_8C_26psu_2	8C_26psu_2,8C_26psu_4	0.704545454545455	0.833333333333333	NA	0.906976744186046	0.96875	0.666666666666667	0.62962962962963	0.80952380952381	0.611111111111111	0.418604651162791	0.590909090909091	0.333333333333333	0.891891891891892	1	0.952380952380952	0.857142857142857	0.795918367346939	0.666666666666667	0.971428571428571	0.972222222222222
NC_027308.1	69230527	69230601	4	8C_26psu_3,16C_32psu_1,16C_32psu_2,8C_32psu_2,8C_32psu_3	CTRL_16C_26psu_2,CTRL_8C_26psu_2,CTRL_16C_26psu_1	0.125	0	0	NA	0.473684210526316	0.6	0.2	NA	0.151515151515152	0	0.396825396825397	NA	0.372093023255814	0.571428571428571	0.5	NA	0.0333333333333333	0	NA	0
NC_027308.1	91421782	91421826	4	16C_26psu_3,16C_32psu_4,8C_32psu_4,8C_32psu_2	CTRL_16C_26psu_1,CTRL_8C_26psu_2	0.536842105263158	0.477272727272727	0.65	0.5	0.5	0.560975609756098	0.285714285714286	0.71875	0.461538461538462	0.625	0.181818181818182	NA	0.436363636363636	0.653846153846154	0.5	0.652173913043478	0.127906976744186	NA	NA	0.258064516129032
NC_027308.1	106006168	106006225	4	16C_26psu_4,16C_32psu_2,16C_26psu_2	8C_26psu_2,8C_32psu_2,8C_32psu_3	0.251572327044025	0.411392405063291	0.351351351351351	0.516393442622951	0.267857142857143	0.392857142857143	0.315068493150685	0.282608695652174	0.373493975903614	0.141666666666667	0.37984496124031	0.136363636363636	0.186046511627907	0.0571428571428571	0.168141592920354	NA	0.224	0.4	NA	0.209302325581395
NC_027308.1	113773825	113773906	3	CTRL_8C_26psu_1,CTRL_8C_26psu_2	8C_26psu_1,16C_32psu_2	0.583333333333333	0.666666666666667	NA	0.571428571428571	0.727272727272727	0.263157894736842	0.777777777777778	NA	0.354838709677419	0.8	0.777777777777778	NA	0.789473684210526	0.727272727272727	0.571428571428571	0.705882352941177	0.833333333333333	0.9	0.9	0.941176470588235
NC_027308.1	141223386	141223407	3	CTRL_8C_26psu_2,CTRL_8C_26psu_1	16C_32psu_1,8C_32psu_4,8C_32psu_3	0.793103448275862	0.944444444444444	NA	1	0.675675675675676	0.921052631578947	0.833333333333333	0.923076923076923	0.864864864864865	0.707317073170732	0.847826086956522	0.888888888888889	0.790697674418605	1	0.725806451612903	0.651162790697674	0.836065573770492	0.764705882352941	1	0.988235294117647
NC_027309.1	10247176	10247229	6	16C_26psu_1,8C_26psu_1,8C_26psu_2,8C_26psu_3	8C_32psu_1	0.19047619047619	0.115384615384615	0	0.147058823529412	0.1	0.05	0.0625	NA	0.388888888888889	0.28125	0.36	0.2	0.0720720720720721	0.0526315789473684	0.2	0.163934426229508	0.104651162790698	NA	0	0.2
NC_027309.1	11917541	11917574	3	16C_32psu_1,16C_32psu_2,CTRL_8C_26psu_1,CTRL_8C_26psu_2	CTRL_16C_26psu_1	0.0153846153846154	0.0454545454545455	NA	0	0.555555555555556	0.607142857142857	0	0.2	0.0909090909090909	0	0.0344827586206897	0	0.107142857142857	0.0350877192982456	0.0606060606060606	0	0.0147058823529412	0.131578947368421	0.5	0.282051282051282
NC_027309.1	21816761	21816792	5	16C_32psu_1,16C_32psu_2,CTRL_8C_26psu_2	16C_26psu_4,8C_32psu_3	0.923076923076923	0.860759493670886	1	0.545454545454545	0.949367088607595	0.96875	0.86	0.8	0.853658536585366	0.865384615384615	0.844827586206897	NA	0.763440860215054	0.72972972972973	0.69047619047619	0.869565217391304	0.80952380952381	0.75	0.829268292682927	0.954545454545455
NC_027309.1	24479586	24479622	3	16C_26psu_4,16C_26psu_1,CTRL_8C_26psu_2	8C_26psu_2,8C_32psu_1	0.926829268292683	0.708333333333333	NA	0.945945945945946	0.6	0.916666666666667	0.76	0.75	0.75	0.470588235294118	0.538461538461538	NA	0.470588235294118	0.75	0.565217391304348	0.744186046511628	0.782608695652174	0.9	NA	0.96
NC_027309.1	38422329	38422351	6	16C_32psu_1,16C_32psu_4	CTRL_16C_26psu_1,16C_26psu_2	0.939393939393939	0.826923076923077	NA	0.875	1	0.975	0.95	1	0.857142857142857	0.886075949367089	0.911111111111111	NA	0.966666666666667	0.916666666666667	0.8	0.8	0.71875	0.9	0.919354838709677	0.921052631578947
NC_027309.1	63587982	63587995	3	16C_26psu_3,8C_26psu_2,8C_26psu_4	16C_32psu_3,8C_32psu_2,8C_32psu_4	0.291666666666667	0.447368421052632	0.75	0.666666666666667	0.558139534883721	0.413793103448276	0	0.296296296296296	0.25	0.76	0.4	0.91304347826087	0.307692307692308	0.166666666666667	0.5	0.230769230769231	0.555555555555556	0.48	NA	0.444444444444444
NC_027309.1	65960468	65960497	5	16C_32psu_1,8C_26psu_4,16C_32psu_2	16C_26psu_1,8C_32psu_3,8C_32psu_2	0.526315789473684	0.833333333333333	0.791666666666667	NA	0.925925925925926	1	NA	0.8	NA	1	0.88	1	0.719298245614035	0.352941176470588	0.444444444444444	0.6	0.9	NA	NA	0.611111111111111
NC_027309.1	67690673	67690697	3	16C_32psu_1,16C_32psu_2,8C_32psu_4,16C_26psu_2	CTRL_16C_26psu_1,CTRL_8C_26psu_2	0.655172413793103	1	NA	0.6	1	1	0.45	0.6	NA	0.45	0.5	0.714285714285714	NA	1	0.916666666666667	0.941176470588235	0.266666666666667	NA	0.619047619047619	0
NC_027309.1	94734944	94734961	4	8C_32psu_2,8C_32psu_4,CTRL_8C_26psu_1	16C_26psu_1,8C_26psu_4,CTRL_16C_26psu_1	0.452380952380952	0.710526315789474	0.689655172413793	0.75	0.5	0.555555555555556	0.933333333333333	0.8	0.711111111111111	0.5	0.52	0.25	0.8	0.967741935483871	0.421052631578947	0.916666666666667	0.416666666666667	0.763157894736842	0.944444444444444	0.5
NC_027309.1	103123148	103123254	7	8C_26psu_4,CTRL_16C_26psu_2,8C_26psu_3	16C_26psu_1,CTRL_8C_26psu_2,16C_26psu_3,8C_32psu_4	0.48314606741573	0.632075471698113	0.5	0.606299212598425	0.669064748201439	0.710526315789474	0.625	NA	0.697674418604651	0.697368421052632	0.762376237623762	0.857142857142857	0.624113475177305	0.708333333333333	0.616541353383459	0.394736842105263	0.661016949152542	0.76	NA	0.325301204819277
NC_027310.1	1636575	1636595	3	16C_26psu_1,16C_26psu_3,8C_32psu_3	CTRL_8C_26psu_2,CTRL_16C_26psu_2	0.606060606060606	0.25	0.8	0.137931034482759	0.34	0.219512195121951	0.103448275862069	NA	0.423076923076923	0.259259259259259	0.183673469387755	NA	0.111111111111111	0.111111111111111	0.5	0.384615384615385	0.153846153846154	0	0.333333333333333	0.102564102564103
NC_027310.1	4271955	4272023	7	8C_26psu_4,8C_26psu_3	16C_32psu_2,CTRL_8C_26psu_2,8C_32psu_4,CTRL_16C_26psu_2	0.866666666666667	0.820754716981132	0.784615384615385	0.918918918918919	0.890756302521008	0.589285714285714	0.925925925925926	0.666666666666667	0.761467889908257	0.876190476190476	0.922077922077922	0.934579439252336	0.792682926829268	0.840425531914894	0.837837837837838	0.8125	0.841584158415842	0.803571428571429	NA	0.759259259259259
NC_027310.1	9363306	9363377	4	8C_26psu_1,8C_26psu_2,8C_26psu_3,CTRL_16C_26psu_1,8C_32psu_2,8C_32psu_4,8C_32psu_3	16C_32psu_1,16C_32psu_2	0.639344262295082	0.857142857142857	NA	0.454545454545455	0.405405405405405	0.205128205128205	0.695652173913043	0.75	0.909090909090909	0.945945945945946	0.777777777777778	0.555555555555556	0.80952380952381	0.847457627118644	0.902439024390244	0.923076923076923	0.918032786885246	0.933333333333333	0.548387096774194	NA
NC_027310.1	12922194	12922218	6	8C_26psu_1,8C_26psu_3,CTRL_8C_26psu_2	16C_26psu_1,16C_32psu_2	0.551724137931034	0.740740740740741	0.777777777777778	0.575757575757576	0.746478873239437	0.5	0.723404255319149	NA	0.954545454545455	0.666666666666667	0.888888888888889	NA	0.738095238095238	NA	0.648148148148148	0.5	0.574074074074074	0.696969696969697	0.5	0.905660377358491
NC_027310.1	17294421	17294710	6	8C_26psu_1,16C_26psu_4,8C_26psu_4	CTRL_16C_26psu_1,16C_32psu_1	0.275862068965517	0.5	NA	0.625	0.0697674418604651	0.25	NA	0.16	0.854166666666667	0	0.619047619047619	0.826086956521739	0.125	0.625	0.125	0.296296296296296	0.25	NA	NA	0.416666666666667
NC_027310.1	25968929	25968984	4	16C_26psu_2,16C_26psu_3,CTRL_8C_26psu_2	CTRL_16C_26psu_1,16C_32psu_1,8C_32psu_1,8C_32psu_3	0.75	0.915492957746479	0.791666666666667	0.633333333333333	0.552083333333333	0.7625	0.608695652173913	NA	0.620689655172414	0.807692307692308	0.764705882352941	NA	0.522727272727273	0.586206896551724	0.513513513513513	0.771929824561403	0.363636363636364	0.789473684210526	0.863636363636364	0.882352941176471
NC_027310.1	42971535	42971652	3	16C_32psu_2,16C_32psu_1	16C_26psu_1,8C_26psu_2,8C_32psu_4	0.127272727272727	0.423728813559322	NA	0.290322580645161	0.475409836065574	0.923076923076923	0.538461538461538	0.666666666666667	0.523809523809524	0.130434782608696	0.5	0.55	0.538461538461538	0.56	0.30952380952381	0.345679012345679	0.379746835443038	0.462962962962963	NA	0.418604651162791
NC_027310.1	55323342	55323395	3	16C_26psu_3,16C_26psu_2	16C_32psu_3,8C_32psu_3	0.675675675675676	0.450980392156863	0.558139534883721	0.5	0.242424242424242	0.395348837209302	0.34375	NA	0.416666666666667	0.205882352941176	NA	0.428571428571429	0.341463414634146	0.2	0	NA	0.34375	0.166666666666667	NA	0.125
NC_027310.1	59726753	59726768	3	16C_32psu_2,16C_32psu_1	16C_26psu_2,16C_26psu_3	0.835443037974684	0.782608695652174	0.62962962962963	0.933333333333333	0.985915492957746	0.98876404494382	0.96078431372549	0.976190476190476	0.863636363636364	0.916666666666667	0.941176470588235	NA	0.948275862068966	0.933333333333333	0.942028985507246	0.846153846153846	0.918032786885246	0.930555555555556	0.875	0.873417721518987
NC_027310.1	64241241	64241275	5	8C_26psu_4,8C_26psu_3		0.147058823529412	0.185185185185185	0.206896551724138	0.25	0.0684931506849315	0.225806451612903	0.0555555555555556	NA	NA	0.1	0.866666666666667	0.8	NA	0	0.185185185185185	0.0666666666666667	0.1	NA	0.0704225352112676	NA
NC_027310.1	91819579	91819615	5	16C_32psu_2,8C_32psu_1,16C_32psu_4	16C_26psu_2,16C_26psu_1	0.439024390243902	0.25	NA	0.719298245614035	0.568965517241379	0.828947368421053	NA	0.84375	0.537037037037037	0.581081081081081	0.55	0.666666666666667	0.807692307692308	0.657534246575342	0.525	0.523809523809524	0.702127659574468	0.671641791044776	0.535714285714286	0.652777777777778
NC_027311.1	2622774	2622789	3	CTRL_16C_26psu_1,16C_32psu_2,8C_26psu_1,8C_26psu_2,8C_26psu_3	16C_26psu_4,16C_26psu_2	0.260869565217391	0.136363636363636	NA	0.176470588235294	0.3125	0.8125	0.304347826086957	0.333333333333333	0.857142857142857	1	0.916666666666667	NA	0.333333333333333	NA	0.230769230769231	0.307692307692308	0.673913043478261	0.142857142857143	0.2	0.6
NC_027311.1	6723209	6723215	3	16C_26psu_3,8C_26psu_2,8C_26psu_4	16C_32psu_1,16C_32psu_4,CTRL_16C_26psu_2	0.717948717948718	0.722222222222222	1	NA	0.428571428571429	0.866666666666667	NA	0.133333333333333	0.631578947368421	1	0.575757575757576	1	0.666666666666667	0.666666666666667	0.8	0.766666666666667	0.741935483870968	0.333333333333333	0.588235294117647	0.6
NC_027311.1	20404097	20404104	3	16C_32psu_2,16C_32psu_3	16C_26psu_4,8C_32psu_3	0.619047619047619	0.789473684210526	NA	0.363636363636364	0.67741935483871	1	1	0.5	0.6	0.638888888888889	0.583333333333333	NA	0.84	0.523809523809524	0.291666666666667	0.666666666666667	0.782608695652174	0.821428571428571	NA	0.771428571428571
NC_027311.1	36842770	36842797	4	16C_26psu_1,CTRL_16C_26psu_2,16C_26psu_4	16C_32psu_1,8C_26psu_3	0.673076923076923	0.380952380952381	NA	0.675675675675676	0.333333333333333	0.285714285714286	0.565217391304348	NA	0.314285714285714	0.476190476190476	0.325581395348837	NA	0.428571428571429	0.555555555555556	0.321428571428571	0.1	0.333333333333333	0.73469387755102	NA	NA
NC_027311.1	42566167	42566263	5	16C_32psu_1,CTRL_8C_26psu_1,CTRL_8C_26psu_2	8C_32psu_4,8C_32psu_3,CTRL_16C_26psu_1	0.611764705882353	0.633802816901408	NA	0.5625	0.773584905660377	0.645161290322581	0.457142857142857	0.794117647058823	0.6	0.709090909090909	0.6	0.708333333333333	0.416666666666667	0.565217391304348	0.433333333333333	0.341463414634146	0.433734939759036	0.64	0.869565217391304	0.8
NC_027311.1	54190267	54190458	10	16C_26psu_1,8C_32psu_3,16C_32psu_3,8C_32psu_1,16C_26psu_2	CTRL_16C_26psu_1,CTRL_8C_26psu_1,8C_26psu_3	0.417910447761194	0.323863636363636	0.318681318681319	0.343023255813953	0.241379310344828	0.26984126984127	0.415929203539823	0.349056603773585	0.364779874213836	0.254237288135593	0.265116279069767	0.130434782608696	0.375757575757576	0.28099173553719	0.629213483146067	0.5	0.129464285714286	0.229357798165138	0.145454545454545	0.251046025104602
NC_027311.1	59322174	59322198	3	16C_32psu_1,16C_32psu_4,8C_26psu_1		0.4	0.0689655172413793	NA	0.103448275862069	0.533333333333333	0.177777777777778	NA	0.533333333333333	0.6875	0.107142857142857	0.416666666666667	NA	0.142857142857143	NA	0.352941176470588	0.19047619047619	0.138888888888889	0	0.1875	NA
NC_027311.1	60955374	60955461	6	8C_26psu_2,8C_26psu_3,8C_32psu_1,8C_32psu_3	16C_32psu_3	0.1	0.109090909090909	NA	0.260869565217391	0.145695364238411	0.0212765957446809	0.0579710144927536	0.333333333333333	0.12	0.279411764705882	0.615384615384615	NA	0.461538461538462	0.173913043478261	0.170212765957447	0	0.058252427184466	0.228571428571429	NA	NA
NC_027312.1	10010731	10010809	3	16C_32psu_2,8C_32psu_3,8C_32psu_2,8C_26psu_1	CTRL_16C_26psu_1,16C_26psu_1	0.0392156862745098	0	0.1	0.222222222222222	0.344827586206897	0.647058823529412	0.26	0.25	0.523809523809524	0	0.451612903225806	0	0.375	0.530612244897959	0.8	0.390243902439024	0.0533333333333333	0.107142857142857	0.642857142857143	0.363636363636364
NC_027312.1	31755075	31755222	13	16C_26psu_3,16C_26psu_4,16C_32psu_1,CTRL_16C_26psu_2,16C_26psu_1,16C_32psu_4,CTRL_16C_26psu_1	8C_32psu_1,8C_32psu_3,8C_32psu_4,8C_26psu_1	0.977272727272727	NA	1	0.97979797979798	0.940909090909091	0.96875	1	0.927835051546392	0.631578947368421	0.914285714285714	1	0.95	0.550387596899225	NA	0.564516129032258	0.542857142857143	0.982758620689655	0.96	0.904761904761905	0.896551724137931
NC_027312.1	34714414	34714434	5	16C_26psu_1,16C_26psu_3,CTRL_8C_26psu_1		0.132530120481928	0	0.12987012987013	0.00934579439252336	0.0101010101010101	0	0	0	0.0111111111111111	0.015625	0.0172413793103448	NA	0.0114285714285714	0	0	NA	0.00862068965517241	0.027027027027027	0.179487179487179	0.0294117647058824
NC_027312.1	54869335	54869374	6	8C_32psu_4,8C_32psu_2,16C_32psu_1	16C_26psu_1,16C_26psu_2,CTRL_16C_26psu_1	0.441860465116279	0.35	NA	0.869565217391304	0.761904761904762	0.857142857142857	0.483870967741935	NA	0.333333333333333	0.48	0.6	0.571428571428571	0.780487804878049	0.888888888888889	0.875	0.875	0.463414634146341	0.7	NA	0.705882352941177
NC_027312.1	55853914	55854011	3	16C_26psu_2,16C_32psu_2,16C_32psu_1,CTRL_16C_26psu_2	CTRL_8C_26psu_2	0.207317073170732	0.36046511627907	0.146341463414634	0.111111111111111	0.353846153846154	0.302325581395349	0.277777777777778	0.166666666666667	0.197183098591549	0.238095238095238	0.216216216216216	0.3	0.208333333333333	0.192771084337349	0.186440677966102	0.1	0.27536231884058	0.293333333333333	NA	0.193877551020408
NC_027312.1	61399090	61399106	4	8C_32psu_3,8C_32psu_2	16C_26psu_2,16C_32psu_1,CTRL_16C_26psu_1,16C_32psu_2	0.904761904761905	0.72972972972973	1	NA	0.816666666666667	0.838235294117647	1	0.964285714285714	0.962264150943396	0.948717948717949	0.95	NA	0.958333333333333	1	1	1	0.728813559322034	0.929824561403509	1	0.877551020408163
NC_027312.1	82133061	82133149	5	16C_32psu_4,16C_32psu_2		0	0	0	0.072463768115942	0.025	0.135135135135135	0.037037037037037	0.8	0.0697674418604651	0	0.0357142857142857	NA	0.0487804878048781	0.024390243902439	0.0277777777777778	0	0.0126582278481013	0.0151515151515152	0.105263157894737	0.0491803278688525
NC_027312.1	82960873	82960955	6	CTRL_8C_26psu_2,8C_26psu_2,8C_26psu_3	16C_26psu_1,8C_32psu_2,16C_26psu_2,8C_32psu_3	0.5875	0.731707317073171	1	0.75	0.693877551020408	0.952380952380952	0.956521739130435	NA	0.954545454545455	0.916666666666667	0.96	NA	0.933333333333333	0.404255319148936	0.702127659574468	1	0.951612903225806	1	0.888888888888889	0.944444444444444
NC_027312.1	101051567	101051738	4	8C_32psu_3,CTRL_16C_26psu_1,CTRL_8C_26psu_1,CTRL_16C_26psu_2	8C_26psu_3,8C_26psu_1,8C_26psu_2	0.633333333333333	0.827586206896552	0.666666666666667	0.578947368421053	0.758620689655172	0.678571428571429	0.4	0.842105263157895	0.414634146341463	0.2	0.413793103448276	NA	0.878787878787879	0.9	0.844444444444444	0.916666666666667	0.945945945945946	0.909090909090909	1	0.666666666666667
NC_027313.1	13367226	13367242	5	16C_32psu_2,16C_32psu_3,8C_26psu_3,8C_26psu_4	8C_32psu_2,8C_32psu_4	0.817391304347826	0.892307692307692	0.7	0.789473684210526	0.811111111111111	0.908045977011494	0.930232558139535	0.911764705882353	0.827586206896552	0.893203883495146	0.9125	1	0.793650793650794	0.58	0.673913043478261	0.552380952380952	0.727272727272727	0.794520547945205	0.859649122807018	0.814814814814815
NC_027313.1	21958995	21959073	5	16C_32psu_1,16C_32psu_2	8C_32psu_1,8C_32psu_4	0.666666666666667	0.5	0.333333333333333	0.460526315789474	0.759036144578313	0.741935483870968	0.423076923076923	0.452380952380952	0.505494505494505	0.689189189189189	0.610169491525424	NA	0.455696202531646	0.7	0.516666666666667	0.328571428571429	0.5	0.538461538461538	NA	0.588235294117647
NC_027313.1	27547923	27547948	3	CTRL_8C_26psu_1,CTRL_8C_26psu_2	16C_32psu_2,CTRL_16C_26psu_1,8C_26psu_4	0.981818181818182	0.867924528301887	1	0.952380952380952	0.909090909090909	0.776470588235294	0.952380952380952	0.868421052631579	0.984848484848485	0.979166666666667	0.935483870967742	0.6875	0.933333333333333	0.925925925925926	0.912280701754386	0.826086956521739	0.833333333333333	1	0.985401459854015	1
NC_027313.1	35261116	35261270	7	16C_26psu_1,16C_32psu_1,16C_32psu_2	8C_32psu_2,8C_32psu_4,8C_26psu_3	0.9875	NA	1	1	0.934782608695652	0.852941176470588	0.951219512195122	NA	0.925	0.944444444444444	0.677966101694915	1	0.952941176470588	0.6	0.933333333333333	0.72	0.844827586206897	0.958333333333333	0.882352941176471	0.857142857142857
NC_027313.1	40838856	40838886	4	CTRL_16C_26psu_2,16C_32psu_2,16C_32psu_3	16C_26psu_4,8C_26psu_2,8C_32psu_3	0.919540229885057	0.8	0.806451612903226	0.619047619047619	0.851063829787234	1	0.960526315789474	0.890625	0.864864864864865	0.789473684210526	0.897727272727273	0.84375	0.844827586206897	0.929824561403509	0.847058823529412	0.91304347826087	0.846938775510204	1	1	0.909090909090909
NC_027313.1	49775734	49775779	5	16C_26psu_2,16C_26psu_3,8C_26psu_2,8C_26psu_1		0.04	0.4	0.6	0	0	0.024390243902439	0	NA	0.25	0.531914893617021	0.153846153846154	NA	0	NA	0	0	NA	NA	NA	0.4
NC_027313.1	62241020	62241056	5	16C_32psu_1,16C_32psu_4,8C_26psu_2,CTRL_8C_26psu_1,8C_26psu_4	16C_26psu_3,16C_26psu_1	0.145161290322581	0.25	0.0621761658031088	0.318840579710145	0.581395348837209	0.28169014084507	0.233333333333333	0.571428571428571	0.3125	0.608695652173913	0.350877192982456	0.909090909090909	0.225	0.133333333333333	0.169491525423729	NA	0.137254901960784	0.173913043478261	0.435483870967742	0.352941176470588
NC_027313.1	70032366	70032597	8	8C_32psu_1,CTRL_8C_26psu_2,8C_32psu_2	16C_32psu_1,8C_26psu_1	0.0260869565217391	0.0444444444444444	NA	0.0119047619047619	0.01	0.0350877192982456	0.032258064516129	0	0.037037037037037	0.0222222222222222	0	0	0.238095238095238	0.137931034482759	0	0.0447761194029851	0.0563380281690141	0.0566037735849057	0.0555555555555556	0.235294117647059
NC_027313.1	71068970	71068989	3	CTRL_8C_26psu_1,CTRL_8C_26psu_2	16C_26psu_4	0.148148148148148	0.0821917808219178	0.206896551724138	0.028169014084507	0.120689655172414	0.0786516853932584	0.173913043478261	0	0.239130434782609	0.148148148148148	0.113636363636364	0	0.25	0.19047619047619	0.113636363636364	NA	0.0612244897959184	0.0652173913043478	0.346153846153846	0.305882352941176
NC_027313.1	92373898	92373986	12	8C_26psu_3,8C_26psu_1,CTRL_16C_26psu_1	8C_32psu_2,8C_32psu_4,CTRL_8C_26psu_2	0.901515151515151	0.843137254901961	0.924528301886792	0.905660377358491	0.823076923076923	0.950617283950617	0.876712328767123	NA	0.877551020408163	0.881481481481482	0.907216494845361	NA	0.906779661016949	0.644067796610169	0.913978494623656	0.625	0.904761904761905	0.96551724137931	0.939393939393939	0.809210526315789
NC_027314.1	28357	28382	6	16C_32psu_2,16C_32psu_3,8C_26psu_2	16C_26psu_3,CTRL_16C_26psu_2,CTRL_8C_26psu_1	0.901408450704225	0.935483870967742	0.777777777777778	NA	0.935483870967742	0.954545454545455	0.956521739130435	0.865168539325843	0.816326530612245	0.971014492753623	0.943661971830986	0.8125	0.821917808219178	0.75	0.871794871794872	0.876404494382023	0.926470588235294	0.788819875776398	0.745454545454545	0.927536231884058
NC_027314.1	49297505	49297533	6	16C_26psu_1,16C_26psu_3,CTRL_16C_26psu_2	16C_32psu_1,8C_26psu_3	0.876712328767123	0.74468085106383	0.793103448275862	0.650943396226415	0.38	0.6	0.53125	0.909090909090909	0.6875	0.597826086956522	0.587628865979381	0.848484848484849	0.65	0.613333333333333	0.520833333333333	0.645161290322581	0.611111111111111	0.858585858585859	0.626262626262626	0.672268907563025
NC_027314.1	59735910	59735943	4	CTRL_16C_26psu_2,CTRL_16C_26psu_1	16C_32psu_2,CTRL_8C_26psu_1,CTRL_8C_26psu_2,16C_32psu_3,16C_26psu_3	0.463414634146341	0.446808510638298	0.206896551724138	0.238095238095238	0.492307692307692	0.163265306122449	0	NA	0.428571428571429	0.520833333333333	0.369565217391304	NA	0.516666666666667	0.222222222222222	0.2	0.538461538461538	0.573529411764706	0.80327868852459	0	0.22972972972973
NC_027314.1	67525286	67525316	3	8C_26psu_3,8C_32psu_1,8C_32psu_2,8C_32psu_4	16C_26psu_4,16C_32psu_1	0.581395348837209	0.571428571428571	0.606060606060606	0.5	0.468354430379747	0.727272727272727	0.428571428571429	NA	0.666666666666667	0.48936170212766	0.916666666666667	NA	0.842857142857143	0.861111111111111	0.805555555555556	0.857142857142857	0.542372881355932	0.736842105263158	0.75	0.596774193548387
NC_027314.1	70943456	70943593	5	16C_26psu_2,16C_32psu_1,16C_32psu_2,CTRL_16C_26psu_2	8C_26psu_4,CTRL_8C_26psu_2	0.134615384615385	0.307692307692308	0	0.3125	0.318181818181818	0.396551724137931	0.166666666666667	0.25	0.26027397260274	0.2875	0.144329896907216	0	0.2	0.12280701754386	0.166666666666667	0.235294117647059	0.212121212121212	0.358208955223881	0.209302325581395	0.15702479338843
NC_027314.1	83980860	83980915	6	8C_26psu_3,16C_32psu_2,16C_32psu_3,CTRL_8C_26psu_1,8C_32psu_2	CTRL_16C_26psu_1,16C_26psu_1,16C_26psu_2	0.327868852459016	0.306451612903226	0.588235294117647	NA	0.435483870967742	0.962962962962963	0.617647058823529	NA	0.346938775510204	0.581818181818182	0.5375	0.56	0.333333333333333	0.622222222222222	0.277777777777778	0.385542168674699	0.1	0.411764705882353	0.666666666666667	0.575
NC_027314.1	88480451	88480471	4	16C_26psu_2,16C_26psu_3,16C_32psu_1,8C_32psu_2	8C_26psu_3,CTRL_8C_26psu_2	0.625	0.961538461538462	1	NA	0.909090909090909	0.75	0.739130434782609	NA	0.666666666666667	0.9	0.433333333333333	0	0.8	1	0.75	NA	NA	NA	NA	0.428571428571429
NC_027314.1	88512043	88512220	8	8C_32psu_3,16C_32psu_2,8C_32psu_4		0	0.0153846153846154	0.075	0.0294117647058824	0.0363636363636364	0.235294117647059	0	0	0.0144927536231884	0.0175438596491228	0.0153846153846154	0	0.0857142857142857	0.0454545454545455	0.196581196581197	0.191489361702128	0	0	0	0.0625
NC_027315.1	15696481	15696528	5	16C_26psu_1,16C_26psu_2,8C_32psu_3	16C_32psu_3,8C_26psu_2,CTRL_16C_26psu_1	0.929824561403509	0.739130434782609	0.875	0.677966101694915	0.614457831325301	0.821428571428571	0.352941176470588	0.69047619047619	0.816091954022989	0.240740740740741	0.8125	NA	0.781609195402299	0.576271186440678	0.967741935483871	NA	0.448979591836735	0.675	0.8	0.719298245614035
NC_027315.1	66651687	66651719	4	8C_32psu_1,8C_32psu_2,CTRL_8C_26psu_2	8C_26psu_4	0.631578947368421	0.578947368421053	0.659090909090909	0.727272727272727	0.571428571428571	0.666666666666667	0.543478260869565	NA	0.5	0.555555555555556	0.597222222222222	0.25	0.952380952380952	0.892857142857143	0.645161290322581	NA	0.604166666666667	0.530612244897959	NA	0.807017543859649
NC_027315.1	75942846	75942884	5	16C_32psu_3,16C_32psu_4,8C_26psu_2,8C_26psu_3	16C_26psu_2,16C_26psu_3,16C_26psu_4,8C_32psu_2	0.208333333333333	0.171428571428571	0.119047619047619	0.125	0.1875	0.32258064516129	0.636363636363636	0.582089552238806	0.25	0.625	0.65	NA	0.441176470588235	0	0.24	0.333333333333333	0.545454545454545	0.206896551724138	0.333333333333333	0.475409836065574
NC_027315.1	83225926	83226008	7	8C_26psu_4,8C_26psu_2,CTRL_8C_26psu_2	16C_32psu_1,16C_32psu_2	0.53125	0.275862068965517	NA	0.326923076923077	0.277777777777778	0.214285714285714	0.3	0.2	0.317073170731707	0.652777777777778	0.253968253968254	1	0.428571428571429	0.25	0.318181818181818	0.25	0.452054794520548	0.571428571428571	0.4	0.595744680851064
NC_027315.1	85727905	85728204	12	8C_26psu_4,8C_26psu_2,8C_32psu_3	CTRL_16C_26psu_1,CTRL_8C_26psu_2,16C_26psu_2,16C_32psu_1,16C_32psu_2	0.924	0.864864864864865	0.978260869565217	0.943548387096774	0.856164383561644	0.911627906976744	0.872340425531915	0.917874396135266	0.919075144508671	0.973333333333333	0.880184331797235	0.961240310077519	0.90625	0.928909952606635	0.931034482758621	0.96	0.881856540084388	0.84	0.929078014184397	0.78319783197832
NC_027316.1	53446169	53446255	4	16C_32psu_3,16C_26psu_2,16C_32psu_2,8C_26psu_2		0.019047619047619	0.106951871657754	NA	0.0333333333333333	0.0423728813559322	0.0614525139664804	0.138211382113821	0.0352941176470588	0.0213903743315508	0.100529100529101	0.04	NA	0.0112994350282486	0.00699300699300699	0.0337837837837838	0.0165745856353591	0.018018018018018	0.0410958904109589	NA	0
NC_027316.1	55579083	55579102	4	8C_26psu_4,8C_26psu_1	16C_32psu_1	0.211538461538462	0.333333333333333	0.0625	0.230769230769231	0.0909090909090909	0.130434782608696	0.2	0.175	0.378378378378378	0.3	0.0930232558139535	0.485714285714286	0.087719298245614	0.333333333333333	0.0645161290322581	0.292307692307692	0.0869565217391304	0.192307692307692	0	0.3
NC_027317.1	3175480	3175503	4	16C_26psu_1,16C_26psu_2	16C_32psu_1,8C_26psu_4,16C_32psu_3	0.982142857142857	1	NA	0.895522388059702	0.76056338028169	0.946428571428571	0.3	0.928571428571429	0.931818181818182	0.931818181818182	0.934210526315789	0.4	NA	0.761904761904762	0.91304347826087	1	0.844827586206897	0.914893617021277	0.779661016949153	0.96
NC_027317.1	9786340	9786358	3	CTRL_8C_26psu_1,CTRL_8C_26psu_2	16C_26psu_1,16C_26psu_2,CTRL_16C_26psu_1	0.431818181818182	0.459016393442623	0.692307692307692	0.602739726027397	0.622222222222222	0.759036144578313	0.78125	0.675675675675676	0.625	0.608695652173913	0.74468085106383	0.761904761904762	0.709090909090909	0.62	0.652173913043478	0.727272727272727	0.326923076923077	0.5	0.825581395348837	0.828947368421053
NC_027317.1	10037398	10037453	7	16C_26psu_1,16C_26psu_3	16C_32psu_1,16C_32psu_3,8C_32psu_1,CTRL_16C_26psu_2,8C_32psu_4	0.955882352941177	0.866666666666667	0.960526315789474	0.827586206896552	0.520325203252033	0.806201550387597	0.544303797468354	0.829787234042553	0.860869565217391	0.826530612244898	0.698275862068966	NA	0.544117647058823	0.747572815533981	0.780821917808219	0.614285714285714	0.821138211382114	0.634920634920635	0.621212121212121	0.869047619047619
NC_027317.1	13575911	13575951	3	16C_32psu_1,16C_32psu_2	CTRL_8C_26psu_2,16C_26psu_4,8C_32psu_1,CTRL_16C_26psu_1	0.846153846153846	0.857142857142857	NA	0.780487804878049	0.958333333333333	1	0.958333333333333	NA	1	0.794871794871795	0.979591836734694	NA	0.8	0.966666666666667	0.9375	0.938775510204082	0.891566265060241	0.866666666666667	NA	0.808823529411765
NC_027317.1	53593434	53593454	3	8C_26psu_1,8C_26psu_2,8C_26psu_3,CTRL_16C_26psu_1	CTRL_8C_26psu_2	0.0645161290322581	0.142857142857143	NA	0.0434782608695652	NA	0	0.0434782608695652	0.181818181818182	0.368421052631579	0.352941176470588	0.473684210526316	NA	0.130434782608696	0	NA	0	0.205882352941176	0.08	NA	0
NC_027317.1	66976333	66976350	6	CTRL_16C_26psu_1,CTRL_16C_26psu_2	16C_32psu_1,8C_26psu_2	0.238095238095238	0.27027027027027	NA	0.390243902439024	0.0833333333333333	0.233333333333333	0.178571428571429	NA	0.391304347826087	0.0677966101694915	0.136363636363636	NA	0.25	NA	0.166666666666667	0.276315789473684	0.421052631578947	0.866666666666667	0.333333333333333	0.263157894736842
NC_027317.1	70412879	70412915	5	8C_26psu_1,8C_26psu_2,8C_32psu_2	16C_26psu_2,16C_26psu_3,16C_32psu_2	0.3875	0.137931034482759	0.142857142857143	0.343283582089552	0.390625	0.3	0.421052631578947	0.458333333333333	0.71875	0.78125	0.490909090909091	NA	0.448275862068966	0.757575757575758	0.392857142857143	0.266666666666667	0.303571428571429	0.333333333333333	NA	0.363636363636364
NC_027318.1	1990276	1990341	4	8C_26psu_1,8C_26psu_3,8C_32psu_4	16C_26psu_4,16C_32psu_1,CTRL_16C_26psu_1	0.885245901639344	0.902255639097744	0.807017543859649	0.72	0.757142857142857	0.794326241134752	0.879310344827586	0.90625	1	0.831683168316832	0.941935483870968	NA	0.956521739130435	0.845238095238095	0.880597014925373	0.94478527607362	0.75	0.824742268041237	0.880733944954128	0.854545454545454
NC_027318.1	46541620	46541659	4	16C_32psu_3,16C_32psu_1	8C_26psu_2,8C_32psu_1,8C_26psu_1	0.896551724137931	0.702702702702703	NA	0.966666666666667	1	NA	0.944444444444444	0.9	0.4	0.4	0.777777777777778	NA	0.604651162790698	0.8	0.75	NA	0.897435897435897	0.703703703703704	NA	1
NC_027318.1	75657953	75658056	3	16C_32psu_2,CTRL_16C_26psu_1,CTRL_8C_26psu_2,16C_32psu_3,8C_32psu_4	16C_26psu_1	0.114285714285714	0.6	0.125	0.441860465116279	0.441176470588235	0.803571428571429	0.666666666666667	0.285714285714286	0.377777777777778	0.457142857142857	0.296296296296296	NA	0.4	0.365853658536585	0.137931034482759	0.588235294117647	0.557142857142857	0.290322580645161	0.4	0.636363636363636
NC_027318.1	77352182	77352287	3	CTRL_16C_26psu_1,CTRL_16C_26psu_2	16C_32psu_3,8C_26psu_4,8C_32psu_3,8C_26psu_1	0.880952380952381	0.96969696969697	1	0.87719298245614	0.946428571428571	0.901639344262295	0.666666666666667	1	0.797101449275362	0.976744186046512	0.907692307692308	0.5	0.938775510204082	0.885714285714286	0.728571428571429	0.942857142857143	0.932330827067669	0.966666666666667	0.966666666666667	0.901234567901235
NC_027319.1	9715083	9715093	3	16C_32psu_2,16C_32psu_3	8C_26psu_2	0.517241379310345	0.488888888888889	0.571428571428571	0.607142857142857	0.696969696969697	0.9	0.814814814814815	0.8125	0.636363636363636	0.288888888888889	0.659574468085106	NA	0.565217391304348	0.736842105263158	0.85	0.615384615384615	0.588235294117647	0.5625	0.714285714285714	0.705882352941177
NC_027319.1	24904606	24904755	3	16C_32psu_1,16C_26psu_2,16C_32psu_3	8C_26psu_2,CTRL_8C_26psu_2	0.278688524590164	0.5	NA	0.384615384615385	0.534246575342466	0.457142857142857	0.7	0.555555555555556	0.48	0.389830508474576	0.672727272727273	NA	0.741935483870968	0.263157894736842	0	0.264705882352941	0.559322033898305	0.564102564102564	0.424242424242424	0.373333333333333
NC_027319.1	47347976	47348006	4	16C_26psu_4,8C_26psu_2,8C_26psu_3	8C_32psu_1,CTRL_8C_26psu_1	0.846153846153846	0.903225806451613	NA	0.851851851851852	0.782608695652174	0.666666666666667	0.545454545454545	1	0.62962962962963	0.911764705882353	0.875	NA	0.488888888888889	0.9375	0.529411764705882	1	0.851851851851852	0.541666666666667	0.466666666666667	0.662162162162162
NC_027319.1	56050589	56050613	3	16C_26psu_1,16C_32psu_1,16C_32psu_2	8C_32psu_4,CTRL_16C_26psu_1	0.948275862068966	0.739130434782609	1	1	0.914893617021277	0.962962962962963	0.625	0.777777777777778	0.695652173913043	0.875	0.761904761904762	NA	0.75	0.740740740740741	0.695652173913043	0.424242424242424	0.583333333333333	0.8125	NA	0.714285714285714
NC_027319.1	63318769	63318878	8	16C_26psu_3,CTRL_8C_26psu_1,CTRL_8C_26psu_2	16C_32psu_3,8C_32psu_4,CTRL_16C_26psu_1	0.5	0.480519480519481	0.837606837606838	0.51219512195122	NA	0.551020408163265	0.346153846153846	0.2	0	0.693548387096774	0.581818181818182	NA	0.56989247311828	0.439393939393939	0.277777777777778	0.372340425531915	0.186440677966102	0.4375	0.48	0.506172839506173
NC_027319.1	86000880	86000892	6	16C_32psu_2,CTRL_16C_26psu_1,16C_32psu_4	16C_26psu_1,8C_26psu_2,16C_26psu_4,CTRL_8C_26psu_2	0.5	0.653846153846154	NA	0.736842105263158	0.911111111111111	1	1	0.970588235294118	0.708333333333333	0.52	0.867647058823529	NA	0.6875	0.869565217391304	NA	0.833333333333333	0.986301369863014	0.767441860465116	0.916666666666667	0.793650793650794
NC_027320.1	5903096	5903288	3	16C_32psu_3,16C_32psu_4,8C_32psu_1,CTRL_16C_26psu_1,CTRL_16C_26psu_2,CTRL_8C_26psu_1	8C_26psu_4,8C_26psu_3	0.513513513513513	0.519713261648746	0.422110552763819	0.538181818181818	0.47258064516129	0.47112462006079	0.591093117408907	0.646511627906977	0.436363636363636	0.491477272727273	0.460759493670886	0.375	0.540636042402827	0.5	0.475609756097561	0.578125	0.561694290976059	0.581769436997319	0.558011049723757	0.576441102756892
NC_027320.1	13637138	13637201	3	16C_26psu_1,16C_26psu_2,16C_32psu_3,8C_26psu_1	CTRL_16C_26psu_1,CTRL_8C_26psu_2	0.8125	0.736842105263158	0.619047619047619	0.2	0.695652173913043	NA	0.933333333333333	0.5	1	0.176470588235294	0.310344827586207	0.235294117647059	0.714285714285714	0.407407407407407	NA	0.514285714285714	0.0714285714285714	NA	0.6	0
NC_027320.1	24883602	24883638	6	8C_32psu_1,CTRL_8C_26psu_2,16C_32psu_4,16C_32psu_1	16C_26psu_3,8C_26psu_3,8C_26psu_1	0.568421052631579	1	0.238095238095238	0.46875	0.631901840490798	0.513513513513513	0.464285714285714	0.775	0.409836065573771	0.45	0.385321100917431	NA	0.810344827586207	0.46	0.461538461538462	0.625	0.614457831325301	0.507692307692308	NA	0.585365853658537
NC_027320.1	26836079	26836100	4	16C_26psu_3,16C_26psu_4	CTRL_16C_26psu_1,CTRL_8C_26psu_1	0.672413793103448	0.608695652173913	0.967741935483871	0.842105263157895	0.7	0.8	0.739130434782609	0.7	0.552631578947368	0.523809523809524	NA	0.733333333333333	0.653846153846154	0.466666666666667	0.783333333333333	0.6	0.260869565217391	0.8	0.25	0.933333333333333
NC_027320.1	29936171	29936195	3	8C_32psu_1,8C_32psu_3,8C_32psu_4	16C_26psu_2,16C_32psu_2	0.351351351351351	0.129032258064516	0	0.333333333333333	0.272727272727273	0.210526315789474	0.173913043478261	0.365853658536585	0.5	0.551724137931034	0.4	NA	0.609756097560976	0.4	0.666666666666667	0.653846153846154	0.333333333333333	0.592592592592593	0.117647058823529	0.594594594594595
NC_027320.1	35826381	35826454	8	CTRL_16C_26psu_1,CTRL_16C_26psu_2	8C_32psu_3,CTRL_8C_26psu_2	0.75	0.593220338983051	NA	0.653846153846154	0.574074074074074	0.62962962962963	0.588235294117647	0.703703703703704	NA	0.813953488372093	0.72	1	0.642857142857143	0.5	0.307692307692308	0.782608695652174	0.886363636363636	0.833333333333333	0.6	0.347826086956522
NC_027320.1	51178179	51178241	4	8C_26psu_1,8C_26psu_4,CTRL_8C_26psu_1	8C_32psu_4,CTRL_16C_26psu_2	0.474683544303797	0.50354609929078	0.488888888888889	0.427272727272727	0.463054187192118	0.424	0.333333333333333	0.518518518518518	0.532374100719424	0.376344086021505	0.324324324324324	0.681818181818182	0.426229508196721	0.339805825242718	0.409722222222222	0.160714285714286	0.469613259668508	0.225806451612903	0.615384615384615	0.368159203980099
NC_027320.1	51731525	51731531	3	16C_32psu_4,8C_26psu_2,8C_26psu_3,CTRL_16C_26psu_2	16C_26psu_3,CTRL_8C_26psu_1	0.648648648648649	0.772727272727273	0.434782608695652	0.717391304347826	0.571428571428571	0.771428571428571	0.673469387755102	1	0.4375	0.964285714285714	0.9	NA	0.680555555555556	0.58974358974359	0.647887323943662	0.538461538461538	0.75	0.9	0.395833333333333	0.65
NC_027321.1	10846735	10846741	3	16C_26psu_2,8C_26psu_4,16C_26psu_1	8C_32psu_1	0.69047619047619	1	NA	0.428571428571429	0.642857142857143	0.642857142857143	0.615384615384615	0.6	0.3	0.357142857142857	0.652173913043478	0.916666666666667	0.282051282051282	0.166666666666667	0.5	0.631578947368421	0.666666666666667	0.5	0.285714285714286	0.444444444444444
NC_027321.1	31496514	31496598	8	16C_32psu_2,CTRL_16C_26psu_1,16C_32psu_1		0.0625	0	NA	0.0114942528735632	0.0901639344262295	0.101694915254237	0	0	0	0.0108695652173913	0	NA	0.0188679245283019	0	0.0612244897959184	0.0540540540540541	0.0780141843971631	0.0186915887850467	NA	0.027027027027027
NC_027321.1	38435348	38435351	4	16C_26psu_3,16C_26psu_1	16C_32psu_1,CTRL_8C_26psu_1	0.75	0.4375	0.9375	0.75	0.39344262295082	0.657894736842105	0.818181818181818	0.535714285714286	0.5	0.732142857142857	0.657142857142857	0.5	0.722222222222222	0.571428571428571	0.785714285714286	0.612903225806452	0.666666666666667	0.775	0.12	0.666666666666667
NC_027322.1	324517	324548	6	8C_26psu_2,8C_26psu_3,CTRL_16C_26psu_1,8C_26psu_1,8C_26psu_4	8C_32psu_1,CTRL_8C_26psu_1,16C_32psu_1	0.53125	0.457142857142857	1	0.5	0.382978723404255	0.380952380952381	0.571428571428571	1	0.9375	0.923076923076923	0.932203389830508	0.870967741935484	0.185714285714286	0.5	0.636363636363636	0.770491803278688	0.846153846153846	0.88	0.3125	0.5
NC_027322.1	21189935	21189945	4	8C_26psu_2,8C_26psu_4,CTRL_16C_26psu_1,CTRL_8C_26psu_1	16C_32psu_1,16C_32psu_3	0.698924731182796	0.736842105263158	0.696498054474708	0.69208211143695	0.642599277978339	0.741573033707865	0.666666666666667	0.746666666666667	0.764227642276423	0.820224719101124	0.736842105263158	0.919354838709677	0.798165137614679	0.658878504672897	0.70679012345679	0.798245614035088	0.853658536585366	0.688073394495413	0.803468208092486	0.677811550151976
NC_027323.1	906351	906730	11	8C_32psu_3,8C_32psu_1,CTRL_8C_26psu_1,8C_32psu_4		0.03125	0	0	0	0.00671140939597315	0	0.0113636363636364	0	0.0277777777777778	0	0.0141843971631206	NA	0.314285714285714	0.0212765957446809	0.290322580645161	0.285714285714286	0	0.0144927536231884	0.285714285714286	0.0222222222222222
NC_027323.1	12266089	12266162	6	16C_32psu_1,CTRL_16C_26psu_1,CTRL_8C_26psu_1,16C_32psu_4,CTRL_8C_26psu_2	8C_32psu_3,8C_32psu_4,16C_26psu_3	0.459627329192547	0.429824561403509	0.30952380952381	0.449367088607595	0.727272727272727	0.677966101694915	0.548387096774194	0.736842105263158	0.505882352941176	0.445454545454545	0.357142857142857	0.71875	0.37037037037037	0.662162162162162	0.295918367346939	0.377551020408163	0.702020202020202	0.692307692307692	0.634615384615385	0.671232876712329
NC_027323.1	25170289	25170334	4	16C_26psu_4,CTRL_8C_26psu_1,CTRL_8C_26psu_2,8C_26psu_1,16C_32psu_1,8C_32psu_4	CTRL_16C_26psu_1	0.0517241379310345	0.0704225352112676	NA	0.285714285714286	0.146341463414634	0.072463768115942	0	0.0476190476190476	0.285714285714286	0	0	0	0.0555555555555556	0.119047619047619	0.024390243902439	0.181818181818182	0	0.0384615384615385	0.214285714285714	0.283018867924528
NC_027323.1	46997279	46997355	6	16C_32psu_3,16C_32psu_1,CTRL_16C_26psu_2,16C_26psu_2	8C_26psu_2,8C_32psu_2,8C_32psu_3,CTRL_8C_26psu_2,8C_32psu_1	0.868421052631579	0.923076923076923	0.947368421052632	1	1	0.888888888888889	0.970149253731343	0.7	0.8	0.714285714285714	0.7	NA	0.754385964912281	0.516129032258065	0.774193548387097	0.891891891891892	NA	0.964705882352941	NA	0.689655172413793
NC_027324.1	14898405	14898499	6	CTRL_16C_26psu_2,CTRL_16C_26psu_1	8C_26psu_1,8C_32psu_3,CTRL_8C_26psu_2	0.505882352941176	0.7	0.352941176470588	0.404761904761905	0.530612244897959	0.592105263157895	0.672727272727273	0.609756097560976	0.416666666666667	0.653846153846154	0.621621621621622	NA	0.4	0.741935483870968	0.315789473684211	0.538461538461538	0.696969696969697	0.892857142857143	NA	0.389830508474576
NC_027324.1	31190194	31190385	6	8C_26psu_3,8C_26psu_4,8C_32psu_4	16C_32psu_2,CTRL_8C_26psu_2,CTRL_16C_26psu_2	0.8	0.9	NA	0.651162790697674	0.590909090909091	0.355932203389831	0.7	1	0.4	0.627906976744186	0.647058823529412	0.835616438356164	0.621621621621622	0.290322580645161	NA	0.933333333333333	0.666666666666667	0.444444444444444	0.8	0.531645569620253
NC_027324.1	31195003	31195212	5	16C_26psu_4,CTRL_16C_26psu_1,16C_32psu_4,CTRL_16C_26psu_2,8C_32psu_4	8C_26psu_3,CTRL_8C_26psu_2	0.6	0.444444444444444	NA	0.545454545454545	0.264705882352941	0.358974358974359	0.5	0.5	0.0689655172413793	0.176470588235294	0.333333333333333	NA	0.315789473684211	0.133333333333333	0.075	0.290322580645161	0.430555555555556	0.409090909090909	0	0.186046511627907
NC_027325.1	27461621	27461648	3	8C_32psu_1,CTRL_16C_26psu_1,CTRL_16C_26psu_2	16C_26psu_2,16C_26psu_3	NA	0.0740740740740741	0.0833333333333333	0.833333333333333	0.68	0.636363636363636	0.6	NA	0.571428571428571	0.4	1	NA	0.76	1	0.666666666666667	NA	0.833333333333333	1	0.4	0.684210526315789
NC_027326.1	12081019	12081108	8	8C_26psu_3,16C_26psu_1,8C_26psu_2	16C_32psu_2	0.926470588235294	0.95	NA	0.92	1	0.0416666666666667	0.941176470588235	0.944444444444444	0.886792452830189	0.92	1	NA	0.951219512195122	NA	1	0.888888888888889	0.897058823529412	NA	NA	1
NC_027326.1	27678791	27678816	3	CTRL_8C_26psu_1,CTRL_8C_26psu_2	CTRL_16C_26psu_1,16C_32psu_2	0.863636363636364	0.862068965517241	0.787878787878788	0.848484848484849	0.795918367346939	0.58	0.754098360655738	0.785714285714286	0.810810810810811	0.781818181818182	0.745098039215686	0.782608695652174	0.75	0.795454545454545	0.701754385964912	0.714285714285714	0.545454545454545	0.807692307692308	0.966101694915254	0.91304347826087
NC_027327.1	1008365	1008389	3	16C_32psu_1,16C_32psu_2	8C_26psu_4,CTRL_16C_26psu_1,8C_32psu_4	0.857142857142857	1	NA	0.761904761904762	0.96875	1	0.826086956521739	0.892857142857143	0.857142857142857	0.846153846153846	1	0.0833333333333333	0.8	0.8	0.791666666666667	0.648648648648649	0.517241379310345	NA	NA	NA
NC_027327.1	20888268	20888343	10	16C_26psu_3,8C_26psu_1,16C_32psu_2,8C_26psu_2	CTRL_16C_26psu_1	0.591549295774648	NA	0.814814814814815	0.553571428571429	0.578947368421053	0.794871794871795	1	NA	0.857142857142857	0.782051282051282	0.8	NA	0.2	0.55	0.727272727272727	NA	0.340659340659341	0.65	0.571428571428571	NA
NC_027327.1	37439070	37439079	3	16C_26psu_4,16C_32psu_1,16C_32psu_3	8C_32psu_3	0.352941176470588	0.52	NA	0.674418604651163	0.731707317073171	0.45	0.754716981132076	0.333333333333333	0.555555555555556	0.357142857142857	0.67741935483871	0.666666666666667	0.458333333333333	0.4	0.136363636363636	0.587301587301587	0.466666666666667	NA	0.266666666666667	0.540540540540541
NC_027328.1	1777880	1778092	5	16C_26psu_1,16C_26psu_2	8C_26psu_3,8C_26psu_1,8C_26psu_2	0.947368421052632	1	NA	0.836734693877551	0.811320754716981	0.894736842105263	0.714285714285714	1	0.6	0.763888888888889	0.571428571428571	NA	1	0.758620689655172	0.636363636363636	NA	0.794871794871795	0.846153846153846	0.769230769230769	0.5
