ID,r.squared,adj.r.squared,sigma,statistic,p.value,df,logLik,AIC,BIC,deviance,df.residual,df_Temp,df_Salinity,df_Temp.Salinity,df_Residuals,sumsq_Temp,sumsq_Salinity,sumsq_Temp.Salinity,sumsq_Residuals,meansq_Temp,meansq_Salinity,meansq_Temp.Salinity,meansq_Residuals,statistic_Temp,statistic_Salinity,statistic_Temp.Salinity,statistic_Residuals,p.value_Temp,p.value_Salinity,p.value_Temp.Salinity,p.value_Residuals,estimate_Temp_8.16,estimate_Salinity_32.26,estimate_Temp.Salinity_8.26.16.26,estimate_Temp.Salinity_16.32.16.26,estimate_Temp.Salinity_8.32.16.26,estimate_Temp.Salinity_16.32.8.26,estimate_Temp.Salinity_8.32.8.26,estimate_Temp.Salinity_8.32.16.32,conf.low_Temp_8.16,conf.low_Salinity_32.26,conf.low_Temp.Salinity_8.26.16.26,conf.low_Temp.Salinity_16.32.16.26,conf.low_Temp.Salinity_8.32.16.26,conf.low_Temp.Salinity_16.32.8.26,conf.low_Temp.Salinity_8.32.8.26,conf.low_Temp.Salinity_8.32.16.32,conf.high_Temp_8.16,conf.high_Salinity_32.26,conf.high_Temp.Salinity_8.26.16.26,conf.high_Temp.Salinity_16.32.16.26,conf.high_Temp.Salinity_8.32.16.26,conf.high_Temp.Salinity_16.32.8.26,conf.high_Temp.Salinity_8.32.8.26,conf.high_Temp.Salinity_8.32.16.32,adj.p.value_Temp_8.16,adj.p.value_Salinity_32.26,adj.p.value_Temp.Salinity_8.26.16.26,adj.p.value_Temp.Salinity_16.32.16.26,adj.p.value_Temp.Salinity_8.32.16.26,adj.p.value_Temp.Salinity_16.32.8.26,adj.p.value_Temp.Salinity_8.32.8.26,adj.p.value_Temp.Salinity_8.32.16.32
NC_027300.1:10234417-10234626,0.515882482882956,0.394853103603695,0.0204612540793952,4.26245665271586,0.0288412843261284,4,41.8259956664832,-73.6519913329663,-69.7890477217674,0.00502395502201882,12,1,1,1,12,0.0015134891919971,0.00358451624359324,0.000255592191047003,0.00502395502201882,0.0015134891919971,0.00358451624359324,0.000255592191047003,0.000418662918501568,3.61505431962785,8.56181927079318,0.610496367726548,NA,0.0815364665186544,0.0126966087943826,0.449741889025189,NA,NA,NA,NA,NA,NA,NA,NA,NA,NA,NA,NA,NA,NA,NA,NA,NA,NA,NA,0.0155095072234899,0.0648967162613383,0.0534385474964787,0.0923421359170487,0.0808839671521891,0.0314967581143406,0.0815364665223351,0.0126966088002688,0.279657388370114,0.458241835108864,0.885408873425469,0.0230371161765074,0.0903006862923709,0.856740478301674
NC_027300.1:128038324-128038335,0.606950746211647,0.475934328282196,0.16592047323553,4.63263120610177,0.0318521124749913,4,7.29521700923568,-4.59043401847137,-1.76568723116368,0.247766430948321,9,1,1,1,9,0.0180506693884419,0.320377183992906,0.0441756465638692,0.247766430948321,0.0180506693884419,0.320377183992906,0.0441756465638692,0.0275296034387023,0.655682143356466,11.6375517252277,1.6046597497211,NA,0.438972069880101,0.00773263538983154,0.237042964593106,NA,NA,NA,NA,NA,NA,NA,NA,NA,NA,NA,NA,NA,NA,NA,NA,NA,NA,NA,0.49605189681047,0.820977788466506,0.68643489326708,0.747846891297653,0.613303996098227,0.233748846324396,0.438972069880135,0.00784007242822848,0.946991660415543,0.0351278074295305,0.27615946340835,0.0836098900202883,0.526649515240368,0.598074940807953
NC_027300.1:28472070-28472130,0.573724824075484,0.445842271298129,0.242883550906914,4.48634165971292,0.0305630318837691,4,2.30259049975176,5.39481900049647,8.59010564857276,0.589924193011512,10,1,1,1,10,0.0466654644914629,0.650255444029937,0.0970595364326229,0.589924193011512,0.0466654644914629,0.650255444029937,0.0970595364326229,0.0589924193011512,0.791041714245346,11.0226949790013,1.64528828589216,NA,0.394677489974177,0.00774687856490228,0.22853430845145,NA,NA,NA,NA,NA,NA,NA,NA,NA,NA,NA,NA,NA,NA,NA,NA,NA,NA,NA,0.529891340848636,-0.0362232072557451,0.223462113122308,0.0405972313630719,0.300282551741126,0.78511313417213,0.394677489958654,0.00774687850323519,0.979158872545439,0.0366444909825869,0.305253936237786,0.0707178738734993,0.504452146350398,0.466080551706786
NC_027300.1:38024662-38024810,0.582045676180974,0.442727568241299,0.244629187180193,4.17781783566139,0.0413528191312638,4,2.24816271601863,5.50367456796274,8.32842135527042,0.538590952983977,9,1,1,1,9,0.182481559855072,0.301828509829546,0.265734893482825,0.538590952983977,0.182481559855072,0.301828509829546,0.265734893482825,0.0598434392204419,3.04931605255632,5.04363575625588,4.44050169817199,NA,0.114722231040138,0.0513540861474882,0.0643564994849529,NA,NA,NA,NA,NA,NA,NA,NA,NA,NA,NA,NA,NA,NA,NA,NA,NA,NA,NA,0.573862021024329,0.00787893158661401,0.574809070739124,0.0575615423142686,0.624491681466778,1.19047477090449,0.114722231040188,0.0518375337277738,0.999950464001654,0.0532767042799874,0.999963956118895,0.0771134037931391,0.99999995862396,0.0765673080246099
NC_027300.1:44881038-44881064,0.668472733620513,0.544150008728205,0.221345438607399,5.3769150748551,0.0254665823943821,4,3.50189697618591,2.99620604762818,5.42073929656818,0.391950425538416,8,1,1,1,8,0.0249596043819031,0.716742290915495,0.0486046615801201,0.391950425538416,0.0249596043819031,0.716742290915495,0.0486046615801201,0.048993803192302,0.509444108348477,14.629243786245,0.992057329971822,NA,0.495672438543328,0.00505497945840227,0.348408528126564,NA,NA,NA,NA,NA,NA,NA,NA,NA,NA,NA,NA,NA,NA,NA,NA,NA,NA,NA,0.542681999517385,-0.0373197085410268,0.181178927194931,-0.00124769506510081,0.217250940670857,0.797252648729269,0.495672438718771,0.00505498045213204,0.996948763820268,0.0374346171360795,0.202820193972978,0.0495167287056191,0.263962690067726,0.638593828817025
NC_027300.1:93503034-93503058,0.656185959695217,0.562418494157548,0.138504172417248,6.99801318007912,0.00669085699457426,4,10.6949063849919,-11.3898127699838,-7.84956176447272,0.211017463546854,11,1,1,1,11,0.0581840876888197,0.326006555965385,0.0185465357442738,0.211017463546854,0.0581840876888197,0.326006555965385,0.0185465357442738,0.0191834057769868,3.03304263931172,16.994195908449,0.966800992476687,NA,0.109439555747862,0.00169378743329172,0.346611940378067,NA,NA,NA,NA,NA,NA,NA,NA,NA,NA,NA,NA,NA,NA,NA,NA,NA,NA,NA,0.498366436629452,0.656429986194411,0.694686949595117,0.500042618010399,0.538299581411104,0.333003769965641,0.109439555747914,0.00172430135996149,0.367865741468704,0.015953023395888,0.00835563457881805,0.360482219852676,0.218956520503161,0.978751077445166
NC_027300.1:94631589-94631672,0.53227168667059,0.404709419398933,0.105453551956988,4.17264209907042,0.0335427110619422,4,14.7843542965387,-19.5687085930775,-16.0284575875664,0.122324967823797,11,1,1,1,11,0.110481513343095,0.0224205739124692,0.00630290651962092,0.122324967823797,0.110481513343095,0.0224205739124692,0.00630290651962092,0.0111204516203452,9.9349843976629,2.01615677833175,0.566785121216621,NA,0.00920960861649481,0.183347776809035,0.467345753595181,NA,NA,NA,NA,NA,NA,NA,NA,NA,NA,NA,NA,NA,NA,NA,NA,NA,NA,NA,0.453365297214335,0.340244529195567,0.468583775117746,0.147253391352207,0.275592637274386,0.3527519631551,0.00920960861654474,0.184380786855358,0.0948792869737834,0.441344786286642,0.0321258094642197,0.650167975262421,0.975232176145078,0.358783719301132
NC_027302.1:14373443-14373773,0.46978060506056,0.3372257563257,0.12695498762466,3.54404693260394,0.0480461384910649,4,12.6212029843449,-15.2424059686897,-11.3794623574908,0.193410826593329,12,1,1,1,12,0.0590491259411941,0.0812398870963544,0.0310752486425721,0.193410826593329,0.0590491259411941,0.0812398870963544,0.0310752486425721,0.0161175688827775,3.66364967140246,5.04045539914918,1.92803572726019,NA,0.0797572558975268,0.0443877543089645,0.190208650550583,NA,NA,NA,NA,NA,NA,NA,NA,NA,NA,NA,NA,NA,NA,NA,NA,NA,NA,NA,0.299879692896104,0.0358665050689013,0.245507500078704,0.00250724094058269,0.212148235950386,0.476161423777588,0.0797572559012327,0.0443877543133617,0.981655682924884,0.0984957479352085,0.995235854063191,0.0524675558401564,0.928317366383199,0.14421948761329
NC_027302.1:57141393-57141415,0.588696543766705,0.45159539168894,0.15135133286349,4.29388473287804,0.0386337323724615,4,8.48997882086974,-6.97995764173949,-4.15521085443181,0.206165033635994,9,1,1,1,9,0.180638604628758,0.112136931931277,0.00230742690092515,0.206165033635994,0.180638604628758,0.112136931931277,0.00230742690092515,0.0229072259595549,7.88566040024639,4.89526458285551,0.100729215532215,NA,0.0204389901937725,0.0542214590363788,0.758195656293806,NA,NA,NA,NA,NA,NA,NA,NA,NA,NA,NA,NA,NA,NA,NA,NA,NA,NA,NA,0.0860078398689882,0.52258713972808,0.301431529334322,0.822364463941008,0.601208853547251,0.164629553688159,0.0204389901938279,0.0547236758784699,0.151220153267232,0.5301151304313,0.953602485100019,0.0269944673757804,0.357816904974795,0.337683456063715
NC_027302.1:74632956-74632979,0.729009572563737,0.655103092353847,0.0996806280583146,9.86394657807263,0.0018842743159005,4,15.6288428124684,-21.2576856249368,-17.7174346194257,0.109298503711101,11,1,1,1,11,0.00165117610372167,0.260948925357455,0.0314311535396156,0.109298503711101,0.00165117610372167,0.260948925357455,0.0314311535396156,0.00993622761010006,0.166177363131584,26.2623739710031,3.16328840008317,NA,0.69135302080289,0.000331042856446413,0.10292663192076,NA,NA,NA,NA,NA,NA,NA,NA,NA,NA,NA,NA,NA,NA,NA,NA,NA,NA,NA,0.2885217815257,0.0634273950851849,-0.0617022825583526,-0.012966865053899,-0.138096542697437,0.086997843743078,0.691353020802911,0.000337873368142172,0.86184135767008,0.18958111843985,0.0129142175282683,0.036788789342877,0.00203211957213945,0.334363252355753
NC_027303.1:12923057-12923077,0.647198312453438,0.550979670395285,0.107921362274031,6.72632972789493,0.00766942881696728,4,14.4373706266612,-18.8747412533225,-15.3344902478114,0.128117224785909,11,1,1,1,11,0.0367376204700067,0.124249361994316,0.074038116917365,0.128117224785909,0.0367376204700067,0.124249361994316,0.074038116917365,0.0116470204350826,3.15425053770382,10.6679096758565,6.35682897012448,NA,0.103362709365889,0.00751605261125043,0.028410996671082,NA,-0.0991989619626439,0.181965045219163,0.0663629405725937,0.33539594473979,0.118548786633307,0.269033004167196,0.0521858460607132,-0.216847158106483,-0.222134132348233,0.0590298748335737,-0.181702957468491,0.0873300466987048,-0.129517111407778,0.0393686096926312,-0.177478548413852,-0.446511552581048,0.0237362084229455,0.304900215604753,0.314428838613679,0.583461842780875,0.366614684674392,0.498697398641761,0.281850240535278,0.012817236368082,0.103362709365946,0.00762828722586328,0.850709464520824,0.00855834395290545,0.50325843608352,0.0211058292163614,0.901100012623554,0.0660259597360874
NC_027304.1:19183883-19183901,0.6175645830582,0.50283395797566,0.194245921776486,5.38273527764631,0.018265355564752,4,5.43099017686894,-0.861980353737881,2.33330629433841,0.377314781267966,10,1,1,1,10,0.186503848854518,0.0702857123380261,0.35250611398,0.377314781267966,0.186503848854518,0.0702857123380261,0.35250611398,0.0377314781267966,4.94292453181325,1.86278714292165,9.34249415820403,NA,0.050414477386948,0.202223254895702,0.0121155815255326,NA,-0.230839368302796,0.143178208648957,0.135613962178662,0.463824872820232,-0.0418544933436563,0.32821091064157,-0.177468455522318,-0.505679366163889,-0.462184379096231,-0.0905642238012603,-0.3496032887025,0.00994569508282173,-0.495733671081067,-0.12566826709584,-0.631347633259729,-0.925889831781422,0.000505642490640223,0.376920641099174,0.620831213059824,0.917704050557643,0.412024684393754,0.782090088378981,0.276410722215092,-0.0854689005463555,0.0504144773471866,0.202223254871724,0.827289030066946,0.0449433516833436,0.991674064437776,0.185040868012879,0.642660241197709,0.0186093470977847
NC_027304.1:29426753-29426797,0.499339423983614,0.3627956305246,0.249067075747272,3.6569910014511,0.0476138621508271,4,1.89257953844941,6.21484092310118,9.75509192861223,0.682378490434269,11,1,1,1,11,0.488988428122895,0.0360697877389941,0.155519602074995,0.682378490434269,0.488988428122895,0.0360697877389941,0.155519602074995,0.0620344082212972,7.88253554992436,0.581448082978744,2.50698937145021,NA,0.0170419624150753,0.46178392722219,0.141648833690919,NA,NA,NA,NA,NA,NA,NA,NA,NA,NA,NA,NA,NA,NA,NA,NA,NA,NA,NA,0.438647619014056,0.620931982683806,0.0766163444747329,0.797253032540512,0.252937394331439,-0.0142830484628232,0.0170419624151338,0.462900071864445,0.893547542809511,0.953481410816984,0.101993175101401,0.650032932344554,0.37813808748054,0.0436838332848525
NC_027304.1:35725818-35725878,0.504108698976624,0.36886561687934,0.118855766238155,3.72742687580873,0.0453322147437881,4,12.9897525054221,-15.9795050108442,-12.4392540053331,0.155393624848647,11,1,1,1,11,0.0494307161795632,0.0795959592987089,0.0289419718645065,0.155393624848647,0.0494307161795632,0.0795959592987089,0.0289419718645065,0.0141266931680589,3.49910029130727,5.63443676108711,2.04874357503182,NA,0.088226438309507,0.0369099912798826,0.180124503125654,NA,NA,NA,NA,NA,NA,NA,NA,NA,NA,NA,NA,NA,NA,NA,NA,NA,NA,NA,0.296732102523363,0.0314652877285582,0.232067939310369,-0.0123332249316174,0.188269426650193,0.494068064992211,0.0882264383095639,0.0373074945573414,0.952226780688487,0.0884288423152921,0.994307367468171,0.0398683469341727,0.866537873319246,0.12773096416814
NC_027304.1:48224553-48224577,0.60158305146429,0.492923883681823,0.11758476463668,5.53642240909343,0.0145484391278658,4,13.1510210290001,-16.3020420580003,-12.7617910524892,0.152087945621299,11,1,1,1,11,0.0929282654972164,0.0755379305102719,0.0611764704354412,0.152087945621299,0.0929282654972164,0.0755379305102719,0.0611764704354412,0.0138261768746635,6.72118303849472,5.46339969429258,4.42468449449299,NA,0.0250253390529121,0.0393528952587845,0.0592408750681128,NA,NA,NA,NA,NA,NA,NA,NA,NA,NA,NA,NA,NA,NA,NA,NA,NA,NA,NA,0.299614057708975,-0.0111972253840618,0.275577190556496,-0.0204840852040827,0.266290330736475,0.537003223293332,0.025025339052976,0.0397693162360724,0.987305588544573,0.0399477254711663,0.989613279527567,0.0341714313930133,0.999966498968138,0.0239827822758989
NC_027304.1:73044925-73045324,0.598800642342542,0.498500802928178,0.0461194490500587,5.97010569347717,0.00989939675819673,4,28.8227685229278,-47.6455370458555,-43.7825934346566,0.0255240429681715,12,1,1,1,12,0.00185662197302552,0.0304359550374049,0.00580273155077867,0.0255240429681715,0.00185662197302552,0.0304359550374049,0.00580273155077867,0.00212700358068096,0.872881451582289,14.3093106724629,2.72812495638626,NA,0.368578485800574,0.00261040540140939,0.124501422520323,NA,NA,NA,NA,NA,NA,NA,NA,NA,NA,NA,NA,NA,NA,NA,NA,NA,NA,NA,0.15645204772859,0.0476782617990358,0.0311346987932938,-0.0119538376523261,-0.0284974006580681,0.0802763852714862,0.368578485802345,0.00261040540940916,0.307596532151972,0.463441332863357,0.236187655444471,0.0264115173208984,0.0108634648916733,0.955783686924665
NC_027305.1:1463039-1463383,0.755422913275772,0.694278641594716,0.0874972793500137,12.3547618199827,0.00055793726109919,4,18.5768013162542,-27.1536026325084,-23.2906590213095,0.0918692867238521,12,1,1,1,12,0.0973497633931803,0.0894099643689282,0.0969960612491149,0.0918692867238521,0.0973497633931803,0.0894099643689282,0.0969960612491149,0.00765577389365434,12.7158618769908,11.6787624100338,12.6696611729237,NA,0.00388130577273014,0.00510282421084387,0.00392783464737506,NA,-0.156004618035157,-0.149507495103864,-0.000283664685009288,0.00621345824628294,-0.305512113139021,0.00649712293129223,-0.305228448454012,-0.311725571385304,-0.25132471481146,-0.244827591880168,-0.183969338203603,-0.177472215272311,-0.489197786657615,-0.177188550587302,-0.488914121972606,-0.495411244903898,-0.0606845212588529,-0.0541873983275607,0.183402008833585,0.189899131764877,-0.121826439620427,0.190182796449886,-0.121542774935418,-0.12803989786671,0.00388130578016133,0.00510282421789598,0.999999963271546,0.999615815363242,0.00168278885948092,0.999560952307086,0.00169555193070103,0.00142699131684443
NC_027307.1:20648603-20648625,0.570633704106916,0.427511605475888,0.142451354788419,3.98704120163876,0.0463454972459323,4,9.27782133612381,-8.55564267224763,-5.73089588493995,0.182631496329505,9,1,1,1,9,0.010706986899702,0.0488056452497392,0.183207134711451,0.182631496329505,0.010706986899702,0.0488056452497392,0.183207134711451,0.0202923884810561,0.52763561616699,2.40512078187846,9.02836720687085,NA,0.486063757353212,0.155351933510376,0.0148422428690773,NA,-0.0575679370284994,0.122594597014762,0.206459733180219,0.346546043235001,0.074457013602783,0.140086310054782,-0.132002719577436,-0.272089029632218,-0.236849813345465,-0.0566872793022029,-0.156639938563726,0.00689740100601943,-0.288642658141162,-0.1995623321742,-0.495102391321381,-0.611737671861199,0.121713939288466,0.301876473331727,0.569559404924164,0.686194685463982,0.437556685346728,0.479734952283763,0.231096952166509,0.0675596125967635,0.486063757353245,0.156295170653487,0.343907519823221,0.0454502809292625,0.916340244317345,0.592240599489596,0.678769174836351,0.126404593731532
NC_027308.1:11856227-11856254,0.685094792241633,0.580126389655511,0.148318684385314,6.52667636510464,0.0122935318207362,4,8.75310675423233,-7.50621350846466,-4.68146672115698,0.197985889240115,9,1,1,1,9,0.00381210665017145,0.416471875075239,0.0104459595838171,0.197985889240115,0.00381210665017145,0.416471875075239,0.0104459595838171,0.0219984321377905,0.17328992476799,18.9318889849333,0.474850185612648,NA,0.686956045863473,0.00184734385228174,0.508138293486346,NA,NA,NA,NA,NA,NA,NA,NA,NA,NA,NA,NA,NA,NA,NA,NA,NA,NA,NA,0.308472549751217,-0.0428454213185949,-0.0225757429011171,0.0267371600575164,0.0470068384749942,0.398324809544806,0.686956045863494,0.00187756031860964,0.937228923076258,0.0294006628257144,0.0370542656519457,0.0696964269190568,0.0932024780182774,0.977928060877242
NC_027308.1:63339374-63339398,0.588391451392448,0.464908886810182,0.146025925673467,4.76497595739886,0.025899471540408,4,9.42576159053246,-8.85152318106491,-5.65623653298862,0.21323570968793,10,1,1,1,10,0.0369666408483768,0.0919728938655427,0.17587937426264,0.21323570968793,0.0369666408483768,0.0919728938655427,0.17587937426264,0.021323570968793,1.73360460602389,4.31320316846297,8.2481200977097,NA,0.217327396068924,0.0645406949547394,0.0166130113733964,NA,0.102771092167255,0.16378469823964,-0.156075708828561,-0.062706252631699,0.234199940282418,0.0933694561968618,0.390275649110979,0.296906192914117,-0.0711443704694446,-0.0119330453070497,-0.520841658943009,-0.403913555554034,-0.107007362639917,-0.247837846725473,0.0490683461886441,-0.018990386320562,0.276686554803955,0.33950244178633,0.208690241285887,0.278501050290636,0.575407243204753,0.434576759119197,0.731482952033314,0.612802772148797,0.217327396045811,0.0645406949177364,0.578036915606909,0.941020586733263,0.217679884891041,0.83579729976957,0.0248322348100306,0.0669246129193575
NC_027308.1:67939052-67939075,0.584847248221531,0.446462997628708,0.208281843306412,4.22625584715102,0.0401907090719405,4,4.33923044682625,1.3215391063475,4.14628589365519,0.390431936260052,9,1,1,1,9,0.396017375886649,0.0551828352594684,0.0988215400317291,0.390431936260052,0.396017375886649,0.0551828352594684,0.0988215400317291,0.0433813262511169,9.12875216387497,1.27204122206955,2.27797415550855,NA,0.0144469232924364,0.288552518256316,0.165501289203963,NA,NA,NA,NA,NA,NA,NA,NA,NA,NA,NA,NA,NA,NA,NA,NA,NA,NA,NA,0.358876202431455,0.52959897577626,0.0404020607632354,0.701620279002858,0.212423363989833,-0.0268761338384215,0.0144469232924902,0.289708725559194,0.747121853025946,0.99661126891551,0.0714758999854848,0.591575822365185,0.303660162983547,0.0387812658357587
NC_027308.1:96183798-96183831,0.779196211185402,0.696394790379927,0.190399508482533,9.41042078270576,0.00530662997947675,4,5.30909710772299,-0.618194215445977,1.80633903349402,0.290015782643121,8,1,1,1,8,0.11290180620173,0.785654824809407,0.124882324600426,0.290015782643121,0.11290180620173,0.785654824809407,0.124882324600426,0.0362519728303901,3.1143630921814,21.6720570901121,3.44484216582378,NA,0.115606318092712,0.00163333577014339,0.100541903351156,NA,NA,NA,NA,NA,NA,NA,NA,NA,NA,NA,NA,NA,NA,NA,NA,NA,NA,NA,0.895862116485534,0.190120486939861,0.180087124687352,-0.207902232901625,-0.217935595154134,0.487806034391539,0.115606318530757,0.00163333701627522,0.123577922418856,0.271161609026674,0.249397479046519,0.00821435902175371,0.00756648518097125,0.999894932768801
NC_027309.1:98857590-98857612,0.552249768748113,0.417924699372547,0.0767522880794147,4.11129338190811,0.0385247172642671,4,18.430575323377,-26.861150646754,-23.6658639986777,0.0589091372542546,10,1,1,1,10,0.00112865838193503,0.0372150123315521,0.0343141531247128,0.0589091372542546,0.00112865838193503,0.0372150123315521,0.0343141531247128,0.00589091372542546,0.191593093116216,6.31735823441623,5.82492881819187,NA,0.670896807305464,0.0307311419911277,0.0364652541143613,NA,0.0179575561647463,0.104184349096698,0.13229065869076,0.20422581380696,0.136433543077196,0.0719351551162002,0.0041428843864364,-0.0677922707297638,-0.0734536752874374,0.0118258256964198,-0.0594329763803821,0.0248847749611876,-0.0429074957685762,-0.107405883729572,-0.175198154459336,-0.23382980920727,0.10936878761693,0.196542872496977,0.324014293761902,0.383566852652733,0.315774581922969,0.251276193961973,0.183483923232209,0.0982452677477424,0.67089680729785,0.0307311419458011,0.214261890139958,0.0254487994971716,0.156070541759592,0.624913702789814,0.999864305981085,0.612295068565818
NC_027310.1:16489137-16489154,0.579654715131365,0.465015091985374,0.127840839394538,5.05632083588749,0.0192561991096896,4,11.8966224293351,-13.7932448586702,-10.2529938531591,0.179776082388102,11,1,1,1,11,0.0225106221523432,0.0134837418210263,0.211916240892044,0.179776082388102,0.0225106221523432,0.0134837418210263,0.211916240892044,0.0163432802171002,1.37736255227333,0.825032774443782,12.9665671809453,NA,0.265336013549547,0.383181560529222,0.0041632727630886,NA,-0.0776506982174878,0.0599440525315185,0.176044530553292,0.281393375932384,-0.0217029158547375,0.105348845379091,-0.19774744640803,-0.303096291787121,-0.22327650428634,-0.0856817535373337,-0.117807881633719,0.00933890636299978,-0.293757385424121,-0.18850356680792,-0.491599858595041,-0.575150761356505,0.0679751078513643,0.205569858600371,0.469896942740304,0.553447845501768,0.250351553714646,0.399201257566103,0.0961049657789815,-0.0310418222177373,0.265336013549587,0.384355359850805,0.322304315949944,0.0420949638392277,0.99484245266111,0.708757611518694,0.236740726044812,0.0281725946413147
NC_027310.1:18708705-18708836,0.687607436380705,0.602409464484533,0.212062458488743,8.07070193195061,0.00402344470831458,4,4.30520044702591,1.38959910594818,4.92985011145923,0.494675349303189,11,1,1,1,11,0.0523468358862727,0.952094838278498,0.0843884978287535,0.494675349303189,0.0523468358862727,0.952094838278498,0.0843884978287535,0.0449704863002899,1.16402645808025,21.1715486446132,1.8765306931584,NA,0.30372167133119,0.000763361963446986,0.198041288699415,NA,NA,NA,NA,NA,NA,NA,NA,NA,NA,NA,NA,NA,NA,NA,NA,NA,NA,NA,0.673082824064423,1.1565447779301,1.03982620285411,0.934746065679791,0.818027490603798,0.406882416436079,0.30372167133123,0.000778157864568585,0.480852118678197,0.00772950671009576,0.0108536752546663,0.0752785358511323,0.125202542703341,0.958004962639843
NC_027310.1:25968940-25968983,0.529880933994451,0.388845214192786,0.142800356269414,3.75706902293696,0.048412455808012,4,9.73847447022588,-9.47694894045176,-6.28166229237547,0.203919417506715,10,1,1,1,10,0.123681475232921,0.103592621553867,0.00256770122015993,0.203919417506715,0.123681475232921,0.103592621553867,0.00256770122015993,0.0203919417506715,6.06521324673987,5.08007637627035,0.125917445800637,NA,0.0335174278900124,0.0478615125270111,0.730072743821621,NA,NA,NA,NA,NA,NA,NA,NA,NA,NA,NA,NA,NA,NA,NA,NA,NA,NA,NA,0.143153102781935,0.132480868113493,-0.0280554877038098,0.346036393549889,0.187213412577641,0.197885647246083,0.0335174278456597,0.0497761784822426,0.351237745816416,0.309354792728576,0.0321304996724584,0.999705692606764,0.558865016905654,0.614668231372032
NC_027310.1:44199112-44199129,0.517661258783264,0.397076573479079,0.0651693534384213,4.29292706181903,0.0282484381339203,4,23.2906954057898,-36.5813908115795,-32.7184472003806,0.0509645355309824,12,1,1,1,12,0.0263102247455819,7.65712633453284e-05,0.0283099624345706,0.0509645355309824,0.0263102247455819,7.65712633453284e-05,0.0283099624345706,0.00424704462758187,6.19494897103592,0.0180293050956061,6.66580290932554,NA,0.0284860880507586,0.895412240533601,0.024017038656561,NA,0.0811021342900142,0.00437525037413078,0.165229957325219,0.0885030734093352,0.085477384664145,-0.0767268839158834,-0.0797525726610736,-0.00302568874519016,0.0101062230714504,-0.0666206608444331,0.0284179710779475,-0.048308912837936,-0.0513346015831261,-0.213538870163155,-0.216564558908345,-0.139837674992461,0.152098045508578,0.0753711615926946,0.30204194357249,0.225315059656606,0.222289370911416,0.0600851023313877,0.0570594135861975,0.133786297502081,0.028486088055684,0.895412240533852,0.0170366751096048,0.27044477067919,0.296604955732484,0.382065612630391,0.350903389349343,0.999892343544741
NC_027310.1:49643898-49643920,0.578057893191491,0.472572366489364,0.11165725475844,5.47997352114311,0.0132114306949727,4,14.6755812503032,-19.3511625006065,-15.4882188894076,0.149608110482295,12,1,1,1,12,0.00370710819751882,0.133934487953206,0.0673205248470826,0.149608110482295,0.00370710819751882,0.133934487953206,0.0673205248470826,0.0124673425401912,0.297345499697962,10.7428257081602,5.39974935557117,NA,0.595541644925221,0.00660915024385126,0.0385054671563835,NA,0.0304430131455429,-0.182985305388989,-0.0992879824251789,-0.31271630095971,-0.152542292243446,-0.213428318534532,-0.053254309818267,0.160174008716265,-0.0911971156494932,-0.304625434184025,-0.33369341989594,-0.547121738430472,-0.386947729714207,-0.447833756005293,-0.287659747289028,-0.0742314287544964,0.152083141940579,-0.0613451765939526,0.135117455045582,-0.0783108634889494,0.0818631452273152,0.0209771189362295,0.181151127652494,0.394579446187026,0.595541644926252,0.00660915025056152,0.604755631494742,0.00884459197044007,0.266051887174996,0.0787254028911349,0.904735763682191,0.231187589939688
NC_027310.1:58009055-58009070,0.56844429956632,0.42459239942176,0.149022007896442,3.95159395875256,0.0473520833303658,4,8.69160677838521,-7.38321355677042,-4.55846676946274,0.199868029537384,9,1,1,1,9,0.060576042631442,0.0239192325762187,0.178770490814907,0.199868029537384,0.060576042631442,0.0239192325762187,0.178770490814907,0.0222075588374871,2.72772181196195,1.07707617713669,8.04998388715903,NA,0.133013912143698,0.326430547391432,0.0194904463414998,NA,-0.136929644274571,-0.0858242312019657,0.109025337388205,0.134337775706923,-0.22935573941515,0.0253124383187182,-0.338381076803355,-0.363693515122073,-0.324481003318351,-0.273375590245745,-0.270822521764767,-0.220977361305573,-0.609203598568121,-0.330002698693778,-0.718228935956326,-0.719008652134569,0.050621714769208,0.101727127841814,0.488873196541177,0.489652912719419,0.150492119737822,0.380627575331214,0.0414667823496168,-0.00837837810957709,0.133013912143744,0.327601192783832,0.807258810370272,0.653088194443524,0.298859936189824,0.99583405042677,0.0834336824230455,0.0447570569792083
NC_027310.1:73823882-73823896,0.589683236627214,0.466588207615378,0.152715995519743,4.79047156786904,0.0255167031487925,4,8.79862068503855,-7.59724137007711,-4.40195472200081,0.233221752875863,10,1,1,1,10,0.0477978330873508,0.171011199204044,0.116363620556726,0.233221752875863,0.0477978330873508,0.171011199204044,0.116363620556726,0.0233221752875863,2.04945861601478,7.33255783799327,4.98939824959906,NA,0.182763686004547,0.0220139671479561,0.0495310505754074,NA,-0.116861130147038,-0.223334427338269,0.0936833979398347,-0.0391079652622554,-0.313877491474449,-0.13279136320209,-0.407560889414283,-0.274769526212193,-0.298744401150786,-0.4071025494197,-0.287794034553885,-0.395947428556676,-0.67071695476887,-0.489630826496511,-0.764400352708704,-0.605138673722218,0.0650221408567094,-0.0395663052568383,0.475160830433555,0.317731498032166,0.0429619718199726,0.224048100092331,-0.0507214261198621,0.0555996212978315,0.182763685979369,0.0220139670988133,0.874095918896751,0.986241134699856,0.089419741716333,0.67569629790177,0.0250340484908336,0.112241755829137
NC_027310.1:74567378-74567402,0.613174250378244,0.468114594270085,0.137308059978639,4.22704883514306,0.045742490083655,4,9.23186742440823,-8.46373484881645,-6.03920159987645,0.15082802668078,8,1,1,1,8,5.87030166568753e-06,0.04454559620845,0.194532571422853,0.15082802668078,5.87030166568753e-06,0.04454559620845,0.194532571422853,0.0188535033350975,0.000311363971000522,2.36272248275069,10.3181126587075,NA,0.986353794931302,0.162820382362434,0.0123836619328653,NA,-0.00139884495992071,0.121854552928823,-0.256044069683033,-0.132790671794289,0.120455707968902,0.123253397888744,0.376499777651935,0.253246379763191,-0.184206966805056,-0.0609535689163125,-0.615064753501665,-0.491811355612921,-0.23856497584973,-0.235767285929888,0.0174790938333035,-0.10577430405544,0.181409276885215,0.304662674773959,0.102976614135599,0.226230012024342,0.479476391787534,0.482274081707375,0.735520461470567,0.612267063581823,0.986353794935632,0.16282038274288,0.181040064427222,0.652351491236106,0.713547427138821,0.699788706131958,0.0401760308545945,0.187282722390092
NC_027310.1:9363305-9363376,0.54191571592747,0.416983638453144,0.225258586551678,4.33768273835704,0.0301148357473537,4,3.39967791106874,3.20064417786252,6.74089518337357,0.558155738967858,11,1,1,1,11,0.647016009348018,0.0121537915667484,0.00113088478590585,0.558155738967858,0.647016009348018,0.0121537915667484,0.00113088478590585,0.0507414308152598,12.7512369862743,0.239524021523912,0.0222872072729519,NA,0.00438822571238206,0.634163245451257,0.884027483847291,NA,NA,NA,NA,NA,NA,NA,NA,NA,NA,NA,NA,NA,NA,NA,NA,NA,NA,NA,0.919316321622753,0.556130717742352,0.992673918359392,0.116180814319791,0.552724014936832,0.915909618817233,0.00438822571243247,0.635020356320859,0.149119295490952,0.995854699887823,0.0754499799936093,0.162004329654927,0.966119173356375,0.0779122995487209
NC_027311.1:20670243-20670274,0.695235600127182,0.593647466836243,0.28033700203863,6.84366940906464,0.0106693486959584,4,0.476926809861985,9.04614638027603,11.8708931675837,0.707299512408061,9,1,1,1,9,0.66598596740046,0.56527285042907,0.382249194208265,0.707299512408061,0.66598596740046,0.56527285042907,0.382249194208265,0.0785888347120068,8.47430770339073,7.19278829493456,4.86391222886863,NA,0.0172812287218431,0.0251261896898244,0.0548528285531112,NA,NA,NA,NA,NA,NA,NA,NA,NA,NA,NA,NA,NA,NA,NA,NA,NA,NA,NA,-0.138078282595202,0.765260612027504,0.557709360736975,1.61790053265764,1.41034928136711,0.507010386744402,0.0172812287219041,0.0254097781725945,0.0202972468444088,0.995883601001401,0.952892297112651,0.0146674620663269,0.0298606287071708,0.872860667204416
NC_027311.1:21543117-21543159,0.557422865143144,0.436720010182184,0.105015855529138,4.61814151225697,0.0251869493198111,4,14.8467429919885,-19.6934859839769,-16.1532349784659,0.121311629037685,11,1,1,1,11,0.0689384705434018,0.0835267815916849,0.000325912404490652,0.121311629037685,0.0689384705434018,0.0835267815916849,0.000325912404490652,0.0110283299125168,6.25103448031227,7.57383776639513,0.0295522900634984,NA,0.0294955258085697,0.0188211809035323,0.866631853028209,NA,NA,NA,NA,NA,NA,NA,NA,NA,NA,NA,NA,NA,NA,NA,NA,NA,NA,NA,0.0846697158686793,0.364768792796541,0.226841354809282,0.539392525053495,0.401465087066236,0.0855538298741231,0.0294955258086442,0.0190592334414714,0.262058996313913,0.281487870557854,0.999964547694597,0.0153676093204228,0.246951960535479,0.299522370931158
NC_027311.1:30708517-30708724,0.49973444337132,0.374668054214149,0.0567258809443555,3.99575334939355,0.0346937326909228,4,25.5108355418886,-41.0216710837772,-37.1587274725782,0.0386139068269583,12,1,1,1,12,0.000557359147631364,0.0205749265885296,0.0174406261480863,0.0386139068269583,0.000557359147631364,0.0205749265885296,0.0174406261480863,0.00321782556891319,0.173209869738095,6.39404658453215,5.4200035939104,NA,0.68462150050978,0.0264852514789411,0.038202564623611,NA,-0.0118042275015284,0.0717198134906414,0.0542272539071267,0.137751294899296,0.059915585989113,0.0835240409921698,0.00568833208198627,-0.0778357089101835,-0.0736017656821964,0.0099222753099734,-0.0648590962583186,0.0186649447338512,-0.0591707641763323,-0.0355623091732755,-0.113398018083459,-0.196922059075629,0.0499933106791396,0.133517351671309,0.173313604072572,0.256837645064742,0.179001936154558,0.202610391157615,0.124774682247432,0.0412506412552617,0.684621500510564,0.0264852514839476,0.550053633129402,0.022214211749416,0.470567212832811,0.213462817524067,0.998923289209104,0.262854677007602
NC_027311.1:30818546-30818594,0.516124989214516,0.384159077182111,0.0996347134505447,3.91104779458334,0.0399609790597953,4,15.6357536616134,-21.2715073232269,-17.7312563177158,0.109197837368094,11,1,1,1,11,0.0653600402612877,0.0121714245808814,0.0389443427064907,0.109197837368094,0.0653600402612877,0.0121714245808814,0.0389443427064907,0.00992707612437216,6.58401723150092,1.22608353440538,3.9230426178437,NA,0.0262397800354193,0.291795828567957,0.0731857816932773,NA,NA,NA,NA,NA,NA,NA,NA,NA,NA,NA,NA,NA,NA,NA,NA,NA,NA,NA,0.435056138551745,0.24958601780862,0.284199578820467,0.0265596910671024,0.0611732520789495,0.246643372822075,0.0262397800354858,0.292967784609097,0.0385439407057497,0.949160449513382,0.885037934540456,0.0928861947490939,0.181429422692815,0.995360694635614
NC_027311.1:33864329-33864341,0.629206137577645,0.517967978850938,0.110018875150333,5.65638756322368,0.0157615221619428,4,13.3896128903624,-16.7792257807248,-13.5839391326485,0.121041528893445,10,1,1,1,10,0.0392243884063232,1.04720305604381e-05,0.166162479163055,0.121041528893445,0.0392243884063232,1.04720305604381e-05,0.166162479163055,0.0121041528893445,3.24057278232606,0.000865160136043625,13.7277247472089,NA,0.102025798783489,0.977113469746143,0.0040741260344308,NA,-0.105862968577744,-0.00174766765913725,0.145731928155311,0.218397866982285,-0.0761612741452491,0.0726659388269746,-0.22189320230056,-0.294559141127534,-0.236894382912521,-0.134136956751479,-0.129090089507994,-0.0386745911272203,-0.333233732254755,-0.184406519282531,-0.478965660410065,-0.532561989943252,0.0251684457570335,0.130641621433204,0.420553945818615,0.475470325091791,0.180911183964256,0.32973839693648,0.0351792558089458,-0.0565562923118168,0.102025798751612,0.977113469745632,0.409774261978545,0.103162458104435,0.801987396139859,0.822597400240775,0.0967138329574995,0.0157809950164952
NC_027311.1:47343596-47343885,0.680178222537505,0.600222778171882,0.204251607416353,8.50696569738463,0.00267285740007097,4,5.01288285514723,-0.0257657102944595,3.83717790090445,0.50062462958597,12,1,1,1,12,0.462855433996575,0.265649235462287,0.336194468329573,0.50062462958597,0.462855433996575,0.265649235462287,0.336194468329573,0.0417187191321642,11.0946702972892,6.36762683486793,8.05859995999673,NA,0.00598848902548692,0.0267409151896332,0.0149308302843519,NA,0.34016739776049,0.257705857258953,0.630078792987365,0.547617252485828,0.597873255019443,-0.0824615405015376,-0.032205537967922,0.0502560025336156,0.117654387867237,0.0351928473656988,0.201287242504459,0.118825702002921,0.169081704536537,-0.511253090984444,-0.460997088450828,-0.378535547949291,0.562680407653744,0.480218867152207,1.05887034347027,0.976408802968734,1.02666480550235,0.346330009981369,0.396586012514984,0.479047553016522,0.00598848903232607,0.0267409151946288,0.00442257050323502,0.0118777215324656,0.00648717096846896,0.93886031545285,0.995871503839507,0.984820629287564
NC_027311.1:49206129-49206151,0.533542424145278,0.406326721639445,0.107286366082141,4.19399817503514,0.033074298212123,4,14.5258894785922,-19.0517789571843,-15.5115279516733,0.126614007818223,11,1,1,1,11,0.0700555863695946,0.00117586689788406,0.0735918879298432,0.126614007818223,0.0700555863695946,0.00117586689788406,0.0735918879298432,0.0115103643471112,6.08630485160764,0.102157226515524,6.39353244698225,NA,0.0312851954513798,0.755244328818767,0.0280459911372036,NA,-0.136984996281131,0.0177019034764663,0.0137815954921903,0.148110537609172,-0.120463219703095,0.134328942116982,-0.134244815195286,-0.268573757312268,-0.259196831050868,-0.10450993129327,-0.232824712924796,-0.0802025394539824,-0.34877629676625,-0.112277366300004,-0.380851123612272,-0.496886834375423,-0.0147731615113943,0.139913738246203,0.260387903909177,0.376423614672327,0.107849857360059,0.380935250533969,0.112361493221701,-0.0402606802491131,0.0312851954514437,0.755846832564134,0.998202045977608,0.262637213854255,0.423556592948591,0.397795207646165,0.398300470963499,0.0205893023799977
NC_027311.1:54221470-54221484,0.845171132890789,0.787110307724835,0.124366540296958,14.556650383026,0.00132357863416762,4,10.419793492548,-10.8395869850959,-8.41505373615593,0.12373629076348,8,1,1,1,8,0.0170458552685303,0.625224428861204,0.033174437496424,0.12373629076348,0.0170458552685303,0.625224428861204,0.033174437496424,0.015467036345435,1.10207636988979,40.4230270685138,2.14484771067441,NA,0.324486724914365,0.000218748989434142,0.181208881394035,NA,NA,NA,NA,NA,NA,NA,NA,NA,NA,NA,NA,NA,NA,NA,NA,NA,NA,NA,0.354961366508104,-0.0261773183860247,-0.206713759399736,-0.0559563150571525,-0.236492756070864,0.144645928823265,0.324486725172971,0.000218750847895355,0.990546284078222,0.0348521298575603,0.00347211130043601,0.0232546812234982,0.00246311229377649,0.348954615525687
NC_027311.1:57644429-57644437,0.60165346624501,0.482149506118513,0.172198365119158,5.03459019774866,0.022173487683058,4,7.11768072709478,-4.23536145418957,-1.04007480611328,0.296522769497107,10,1,1,1,10,0.0695809150060453,0.0500093663198262,0.328270907289955,0.296522769497107,0.0695809150060453,0.0500093663198262,0.328270907289955,0.0296522769497107,2.34656229348094,1.68652702133601,11.070681278429,NA,0.156561684890741,0.223206806245108,0.00765310818081336,NA,0.140997380934182,0.120772783261031,0.494629370054943,0.430200773741698,0.305974162835308,-0.0644285963132458,-0.188655207219635,-0.12422661090639,-0.0640892034984293,-0.0864391075153293,0.0644858871688962,0.0278383887133853,-0.0963882221930043,-0.466790981341558,-0.591017592247948,-0.496741794358023,0.346083965366792,0.327984674037391,0.92477285294099,0.83256315877001,0.70833654786362,0.337933788715066,0.213707177808677,0.248288572545244,0.156561684863753,0.223206806222317,0.0241067806382421,0.0356999456322492,0.156288244749336,0.95959024230686,0.507839450521762,0.741916586024702
NC_027311.1:59944280-59944296,0.804772044518207,0.746203657873669,0.102271289345047,13.7407241453058,0.000702407189329771,4,14.4119343491771,-18.8238686983542,-15.6285820502779,0.104594166242983,10,1,1,1,10,0.0385867273439777,0.00940776607199555,0.383165382249951,0.104594166242983,0.0385867273439777,0.00940776607199555,0.383165382249951,0.0104594166242983,3.68918542305092,0.899454186588222,36.6335328262782,NA,0.0837085483558122,0.365283631308932,0.000123188656808314,NA,-0.104998948762054,0.0523825521619432,-0.487056228062748,-0.281917567226164,-0.100373556512698,0.205138660836584,0.38668267155005,0.181544010713466,-0.226803063468841,-0.0706838150631991,-0.742525137815079,-0.520886850542638,-0.339342839829172,-0.0338306224798899,0.147713388233576,-0.0396985550091675,0.0168051659447318,0.175448919387086,-0.231587318310416,-0.0429482839096894,0.138595726803776,0.444107944153058,0.625651954866524,0.402786576436099,0.0837085483217135,0.36528363129237,0.000793524757053854,0.0208647865250957,0.591739754106927,0.0989097617319046,0.00270841720466486,0.118277004455289
NC_027311.1:7770437-7770464,0.634651391505465,0.535010861916047,0.176988547674762,6.36941005954732,0.00922358988520266,4,7.01713772776981,-4.03427545553962,-0.494024450028574,0.344574406088236,11,1,1,1,11,0.474337955583778,0.00319468793961849,0.12103163513141,0.344574406088236,0.474337955583778,0.00319468793961849,0.12103163513141,0.0313249460080215,15.1424987440461,0.101985425251824,3.86374600934402,NA,0.00251379204996551,0.755442737079461,0.0750883253120185,NA,NA,NA,NA,NA,NA,NA,NA,NA,NA,NA,NA,NA,NA,NA,NA,NA,NA,NA,0.902310467648099,0.572472565963916,0.705859026425735,0.0468064139003878,0.180192874362207,0.570386859821549,0.00251379205001112,0.756044789741758,0.00690340123903432,0.624593690474116,0.0931862086914509,0.0883772284494778,0.432876647504605,0.633531890784998
NC_027311.1:86561021-86561030,0.604411583829685,0.485735058978591,0.143725270617332,5.09293295020268,0.0214535843135464,4,9.64808921576752,-9.29617843153505,-6.10089178345875,0.206569534140252,10,1,1,1,10,0.0296564547748814,0.203613205654139,0.0823437756502515,0.206569534140252,0.0296564547748814,0.203613205654139,0.0823437756502515,0.0206569534140252,1.43566450388303,9.8568845837593,3.9862497629657,NA,0.258468294319671,0.0105179048468374,0.0738099202175026,NA,NA,NA,NA,NA,NA,NA,NA,NA,NA,NA,NA,NA,NA,NA,NA,NA,NA,NA,0.0898555189705136,0.42455242319487,0.465336881619256,0.693715925335845,0.734500383760231,0.351704051148757,0.258468294298674,0.0105179047889461,0.164119198888945,0.849195077227277,0.65209605306057,0.0363175193017993,0.0201324887885839,0.976947411293408
NC_027312.1:101051655-101051737,0.66942084862054,0.570247103206702,0.176786463885348,6.74998050973211,0.00909239123591348,4,6.7495438996998,-3.49908779939961,-0.303801151323313,0.312534538130853,10,1,1,1,10,0.017883139570192,0.298946615677753,0.316050857052471,0.312534538130853,0.017883139570192,0.298946615677753,0.316050857052471,0.0312534538130853,0.57219722585363,9.56523453265791,10.1125097706848,NA,0.466833832975223,0.0113900576903619,0.00981916184839589,NA,-0.071480545945217,0.295284207004051,-0.418468047876021,-0.00832985718540213,0.180430223317484,0.410138190690618,0.598898271193504,0.188760080502886,-0.282031511554422,0.0825513078269836,-0.860072387441796,-0.42141289197733,-0.232652811474444,-0.00294484410130919,0.185815236401577,-0.193680495982525,0.139070419663988,0.508017106181119,0.0231362916897546,0.404753177606525,0.593513258109411,0.823221225482546,1.01198130598543,0.571200656988297,0.46683383296204,0.0113900576334388,0.0644710663676283,0.999909688437139,0.562563301315903,0.0517632827013946,0.00579961057431744,0.467160909617079
NC_027312.1:18633294-18633324,0.646746178441189,0.514275995356635,0.185349799849549,4.88220189163911,0.0324331529604233,4,5.63165340104109,-1.26330680208218,1.16122644685782,0.274836386434142,8,1,1,1,8,0.162465909885815,0.205499604250122,0.135212008016574,0.274836386434142,0.162465909885815,0.205499604250122,0.135212008016574,0.0343545483042678,4.72909462953504,5.981729185611,3.9357818597713,NA,0.0613722999366895,0.0402018651637615,0.0825514051626504,NA,NA,NA,NA,NA,NA,NA,NA,NA,NA,NA,NA,NA,NA,NA,NA,NA,NA,NA,0.039624417109735,0.534062132006414,0.513647749901942,0.979073590590968,0.958659208486496,0.464221493589816,0.0613723004798293,0.0402018657775756,0.0723451892191708,0.987077376368052,0.997292223356341,0.0456494608077429,0.0551902633685455,0.999047590877955
NC_027312.1:31755063-31755221,0.584649578662714,0.460044452261529,0.173685647912111,4.69201866366512,0.0270332368806323,4,6.99728147967203,-3.99456295934405,-0.799276311267759,0.301667042906499,10,1,1,1,10,0.331674561147539,0.0751662817756352,0.017787375735814,0.301667042906499,0.331674561147539,0.0751662817756352,0.017787375735814,0.0301667042906499,10.9947231209589,2.49169684070967,0.589636029326783,NA,0.00780217902722875,0.145528078971628,0.460307470765806,NA,NA,NA,NA,NA,NA,NA,NA,NA,NA,NA,NA,NA,NA,NA,NA,NA,NA,NA,0.208338097915266,0.329799407433048,-0.0397764714638445,0.55531995543778,0.185744076540888,0.00615673012134432,0.00780217896565094,0.145528078943796,0.425735324188195,0.937858205220005,0.0310249682539423,0.682315517237357,0.391865838622434,0.0541445757625669
NC_027312.1:35590451-35590532,0.638594063146651,0.530172282090647,0.191531995303434,5.88990567141476,0.0139436804985207,4,5.62797188968984,-1.25594377937967,1.93934286869662,0.366845052249145,10,1,1,1,10,0.0231301712360575,0.405567560797358,0.21950709409839,0.366845052249145,0.0231301712360575,0.405567560797358,0.21950709409839,0.0366845052249145,0.630516101941275,11.0555548810268,5.98364603127618,NA,0.445600108569244,0.0076825180527966,0.0344842580122942,NA,0.0812934213399785,0.343933915986627,-0.20788083431346,0.0909064422898685,0.389080555369926,0.298787276603328,0.596961389683385,0.298174113080057,-0.146819329319197,0.11345723948897,-0.686318823471623,-0.356631316771859,-0.0584572036918022,-0.1487504824584,0.149423630621657,-0.116165339666456,0.309406171999154,0.574410592484283,0.270557154844703,0.538444201351596,0.836618314431654,0.746325035665056,1.04449914874511,0.71251356582657,0.4456001085554,0.00768251799102448,0.566531702621859,0.922865697939427,0.0938893414381218,0.236117325186287,0.00997219271478234,0.187948051258094
NC_027312.1:42681288-42681310,0.586047031554518,0.461861141020873,0.166794782484685,4.71911123748591,0.0266054344273281,4,7.56404116608691,-5.12808233217381,-1.93279568409752,0.278204994641133,10,1,1,1,10,0.000964830962114365,0.115132750689307,0.277766513309282,0.278204994641133,0.000964830962114365,0.115132750689307,0.277766513309282,0.0278204994641133,0.0346805765783945,4.13841422357716,9.98423891230219,NA,0.855990112866672,0.0693036644426004,0.010162523755954,NA,-0.0166031921381261,-0.179509731304904,0.29420706023928,0.101382232521684,-0.173674207029917,-0.192824827717595,-0.467881267269197,-0.275056439551602,-0.215254162008214,-0.378160701174992,-0.095529197967215,-0.28835402568481,-0.534499868487635,-0.609470413263872,-0.857617525475691,-0.664792697758096,0.182047777731962,0.0191412385651843,0.683943318445774,0.491118490728179,0.187151454427801,0.223820757828681,-0.0781450090627022,0.114679818654893,0.855990112863434,0.0717612073254937,0.160303257777169,0.854786658007259,0.487140227638601,0.518043305064277,0.0188705845502525,0.199918085582329
NC_027312.1:52703783-52703920,0.477346248393548,0.346682810491936,0.279086521359291,3.65325033582065,0.0443416806997381,4,0.018174973728098,9.9636500525438,13.8265936637427,0.934671436853163,12,1,1,1,12,0.0079972579555843,0.819264120768706,0.0263858064171572,0.934671436853163,0.0079972579555843,0.819264120768706,0.0263858064171572,0.0778892864044303,0.102674685117277,10.5183159146533,0.338760407691402,NA,0.754154187248878,0.00704476688545237,0.571318735464608,NA,NA,NA,NA,NA,NA,NA,NA,NA,NA,NA,NA,NA,NA,NA,NA,NA,NA,NA,0.459962502085198,0.0521101460908823,0.0886149936891795,0.178042382981187,0.214547230579484,0.6223995865738,0.75415418724948,0.00704476689208011,0.917635331444096,0.0785089225379794,0.1068978523621,0.218505859474681,0.285706925218553,0.997626086134284
NC_027312.1:56198153-56198232,0.829072053556001,0.777793669622802,0.11866039250778,16.1680612758006,0.000365720064828507,4,12.3310221359833,-14.6620442719667,-11.4667576238904,0.140802887501004,10,1,1,1,10,0.111706404272405,0.405841273569971,0.165405236035393,0.140802887501004,0.111706404272405,0.405841273569971,0.165405236035393,0.0140802887501004,7.93353078583762,28.8233629844471,11.7472900571171,NA,0.0182652793000744,0.000315091113198072,0.00646628321769719,NA,-0.178650820055216,-0.344049954887234,0.0723701322369646,-0.124406621631576,-0.491323155905928,-0.196776753868541,-0.563693288142893,-0.366916534274352,-0.319974197835335,-0.486837862744477,-0.224037992652041,-0.401671034129266,-0.768587568403618,-0.474041166366231,-0.840957700640583,-0.623613500316341,-0.0373274422750977,-0.201262047029992,0.36877825712597,0.152857790866114,-0.214058743408238,0.0804876586291494,-0.286428875645203,-0.110219568232363,0.0182652792487588,0.000315091000425149,0.875918024889833,0.542053055086973,0.00138932222155075,0.196442368279037,0.000477750332525506,0.00637520009846426
NC_027312.1:89150134-89150193,0.632747073333995,0.532587184243266,0.23380368547073,6.31736994797217,0.00947997246337878,4,2.84118596501692,4.31762806996617,7.85787907547722,0.601305796736657,11,1,1,1,11,0.0505297368272177,0.817820850351486,0.167650640961011,0.601305796736657,0.0505297368272177,0.817820850351486,0.167650640961011,0.0546641633396961,0.924366783283847,14.960822600894,3.06692045973869,NA,0.356989263402604,0.00261729449389577,0.107697224824146,NA,NA,NA,NA,NA,NA,NA,NA,NA,NA,NA,NA,NA,NA,NA,NA,NA,NA,NA,0.45779574801234,0.777176054124669,1.12372607124889,0.816931307305333,1.16348132442956,0.844101018317227,0.356989263402643,0.00266228460934048,0.969066965630114,0.557021070759773,0.0316545308096505,0.270297783049128,0.00915545120956496,0.213545931003488
NC_027312.1:92918089-92918141,0.581678407161648,0.456181929310142,0.158732798972291,4.63501778790893,0.0279603987013898,4,8.25762819162857,-6.51525638325713,-3.31996973518084,0.251961014695776,10,1,1,1,10,0.0590264161698299,0.142717336471369,0.148609382851153,0.251961014695776,0.0590264161698299,0.142717336471369,0.148609382851153,0.0251961014695776,2.34268052306028,5.66426264966782,5.89811019099869,NA,0.156871381507276,0.0386143131764468,0.035535022039619,NA,-0.129864122582941,0.204024238276116,0.108070948873561,0.412217425800555,0.103901999625238,0.304146476926994,-0.00416894924832323,-0.308315426175317,-0.318913348202061,0.0130159009988594,-0.288436177956273,0.0413189707977151,-0.266996455377602,-0.0667519780758457,-0.375067404251163,-0.651700670791531,0.0591851030361794,0.395032575553372,0.504578075703394,0.783115880803394,0.474800454628077,0.675044931929833,0.366729505754516,0.035069818440897,0.156871381480312,0.0386143131336991,0.837360144510938,0.0290677252574317,0.826340495628595,0.118576623255035,0.999984339245714,0.0819328693857173
NC_027313.1:13367226-13367261,0.504506151534326,0.380632689417908,0.152463359254782,4.07275410660745,0.0328734824828799,4,9.69173571210282,-9.38347142420565,-5.52052781300674,0.278940910983034,12,1,1,1,12,0.000802647992537643,0.0772935814012654,0.205918205782941,0.278940910983034,0.000802647992537643,0.0772935814012654,0.205918205782941,0.0232450759152529,0.0345298073219441,3.32515934484633,8.85857316765408,NA,0.855688428635095,0.0932180638555301,0.0115642341906749,NA,-0.0141655214564946,-0.139008616101004,0.21272553488054,0.0878824402360303,-0.153174137557499,-0.124843094644509,-0.365899672438038,-0.241056577793529,-0.180260081961294,-0.305103176605804,-0.10734538663455,-0.232188481279059,-0.473245059072588,-0.444914016159599,-0.685970593953128,-0.561127499308618,0.151929039048305,0.0270859444037957,0.532796456395629,0.40795336175112,0.166896783957591,0.19522782687058,-0.0458287509229489,0.0790143437215605,0.855688428635441,0.0932180638590527,0.25075118304246,0.846191708889589,0.510898752782965,0.662775157761403,0.0238372350934037,0.168696744457867
NC_027313.1:49776152-49776179,0.636804101469252,0.515738801959003,0.249909516087815,5.26000517113776,0.0227259654247275,4,1.97054284883469,6.05891430233061,8.8836610896383,0.562092896081215,9,1,1,1,9,0.046394369196702,0.699797740488876,0.239345070330084,0.562092896081215,0.046394369196702,0.699797740488876,0.239345070330084,0.0624547662312461,0.742847535845725,11.2048732661618,3.8322947114057,NA,0.41112567410159,0.00855928356246045,0.0819566623252925,NA,NA,NA,NA,NA,NA,NA,NA,NA,NA,NA,NA,NA,NA,NA,NA,NA,NA,NA,1.08188612052475,0.462124468355424,0.318890701329701,0.0172422106015931,-0.12599155642413,0.493770095745197,0.411125674101625,0.00867647204593247,0.200349550211804,0.826314339548388,0.501833682229155,0.0567816690916311,0.0186659460156156,0.948304926246132
NC_027314.1:49297515-49297533,0.747809639748017,0.672152531672422,0.0761794932559997,9.8841954017172,0.00245356996455292,4,18.5354477698513,-27.0708955397027,-23.8756088916264,0.058033151927409,10,1,1,1,10,0.0255811822956448,0.102389721218645,0.044112400514126,0.058033151927409,0.0255811822956448,0.102389721218645,0.044112400514126,0.0058033151927409,4.40802910854182,17.643315556377,7.60124154023277,NA,0.0621262304314285,0.00182755161376434,0.020232489197905,NA,-0.0854921588645828,-0.169284321332337,-0.174233768445582,-0.286239984468726,-0.233615940030378,-0.112006216023144,-0.0593821715847959,0.0526240444383482,-0.176221197231869,-0.260013359699624,-0.352236402649001,-0.464242618672145,-0.398414356588365,-0.302299036346699,-0.237384805788215,-0.125378589765071,0.00523687950270375,-0.0785552829650507,0.00376886575783708,-0.108237350265307,-0.0688175234723914,0.0782866043004112,0.118620462618623,0.230626678641767,0.0621262303940013,0.00195708956128227,0.0554179508532713,0.00283198410230479,0.00673398863681629,0.327697270582648,0.741712300176221,0.802956440337785
NC_027314.1:88512032-88512220,0.557680226472511,0.437047560965014,0.142998701095347,4.62296198236499,0.0251109169134654,4,10.2158799444007,-10.4317598888015,-6.89150888329041,0.224934913664522,11,1,1,1,11,0.0336609275046079,0.211260492346279,0.0386782767975588,0.224934913664522,0.0336609275046079,0.211260492346279,0.0386782767975588,0.0204486285149565,1.64612152252596,10.3312792929736,1.89148513159544,NA,0.225860924867786,0.00824324534317135,0.196395647916353,NA,NA,NA,NA,NA,NA,NA,NA,NA,NA,NA,NA,NA,NA,NA,NA,NA,NA,NA,0.287754518017646,0.456962437678433,0.620721461023401,0.473519405410213,0.63727842875518,0.51683548115863,0.225860924867827,0.00836455947462478,0.998339708703571,0.654108699412362,0.0409623666558346,0.566529781774206,0.0311502979433297,0.358087202733434
NC_027315.1:53608055-53608099,0.573895829432808,0.44606457826265,0.115316013138007,4.48947987428276,0.0305051864762095,4,12.731271897118,-15.4625437942359,-12.2672571461596,0.132977828860449,10,1,1,1,10,0.00986075146947292,0.15296821270857,0.0162714217403981,0.132977828860449,0.00986075146947292,0.15296821270857,0.0162714217403981,0.0132977828860449,0.741533498777535,11.5032869779442,1.22361914612652,NA,0.40934272456591,0.00686676745556866,0.294552170012788,NA,NA,NA,NA,NA,NA,NA,NA,NA,NA,NA,NA,NA,NA,NA,NA,NA,NA,NA,0.262401385337667,-0.0106644867283385,0.101462866349937,0.0149881491750878,0.127115502253363,0.361589453135324,0.409342724550886,0.00686676739237779,0.992481694454951,0.0412387178005273,0.284499583326517,0.0654873399028685,0.412850386446878,0.540710763570581
NC_027315.1:81956093-81956115,0.634856581817069,0.497927799998471,0.131322480373481,4.63639983782312,0.0367760290808595,4,9.76671983239765,-9.53343966479529,-7.10890641585529,0.137964750811547,8,1,1,1,8,0.127977293624559,0.000175214081588206,0.111719897901839,0.137964750811547,0.127977293624559,0.000175214081588206,0.111719897901839,0.0172455938514433,7.42086904788427,0.0101599332036653,6.47817053238145,NA,0.0260816494150085,0.922192383168426,0.0344295987059165,NA,-0.206540789857241,-0.00764229637365199,-0.399517384208161,-0.200618890724572,-0.214183086230893,0.198898493483589,0.185334297977268,-0.0135641955063208,-0.381379877940312,-0.182481384456723,-0.742887516389629,-0.543989022906039,-0.55755321841236,-0.144471638697878,-0.158035834204199,-0.356934327687788,-0.0317017017741705,0.167196791709419,-0.0561472520266942,0.142751241456895,0.129187045950574,0.542268625665056,0.528704430158735,0.329805936675146,0.026081650102538,0.922192383193157,0.0241430170074093,0.311133388720565,0.264899256144388,0.317420466781235,0.370327549321035,0.999213596705149
NC_027316.1:16906518-16906569,0.574747025188479,0.458768941148973,0.233377319250073,4.95565200915634,0.0204587537334442,4,2.8685650537249,4.26286989255019,7.80312089806124,0.599114704543856,11,1,1,1,11,0.0802039710149094,0.729503763577836,2.06261221273204e-05,0.599114704543856,0.0802039710149094,0.729503763577836,2.06261221273204e-05,0.0544649731403505,1.47257891430943,13.3939984088119,0.000378704347731322,NA,0.25035274569373,0.00375602478254696,0.984822388241486,NA,NA,NA,NA,NA,NA,NA,NA,NA,NA,NA,NA,NA,NA,NA,NA,NA,NA,NA,0.360754873051002,0.0958059208108382,-0.0846027192315584,0.23169471107433,0.0512860710319332,0.316235023272097,0.25035274569377,0.00381784426817589,0.760380645345654,0.120104821675849,0.0226140688662024,0.414624992434187,0.0834266035437057,0.70066974951832
NC_027317.1:10037398-10037453,0.559679429017159,0.439592000567293,0.133400853426941,4.66059966677374,0.0245264424287999,4,11.2580351844752,-12.5160703689505,-8.97581936343945,0.195753664645399,11,1,1,1,11,0.0252599524583299,0.180953455059708,0.0426037190863483,0.195753664645399,0.0252599524583299,0.180953455059708,0.0426037190863483,0.0177957876950363,1.41943435666945,10.168330739874,2.39403390377778,NA,0.258568586735207,0.00862521923372109,0.150070147138657,NA,NA,NA,NA,NA,NA,NA,NA,NA,NA,NA,NA,NA,NA,NA,NA,NA,NA,NA,0.124462033124985,-0.0359900685818813,-0.00332569758930296,0.168926420171445,0.201590791164023,0.316550948951954,0.258568586735247,0.00875123195916061,0.328800186816533,0.0264290754487181,0.0471515027450859,0.551945593747611,0.735596368809453,0.984970417301657
NC_027317.1:9786340-9786358,0.539996064322866,0.424995080403583,0.10384524914493,4.69557777611605,0.0216023795924331,4,15.8360956801292,-21.6721913602583,-17.8092477490594,0.129406029239672,12,1,1,1,12,0.00655829705245855,0.12821909822721,0.0171316234686388,0.129406029239672,0.00655829705245855,0.12821909822721,0.0171316234686388,0.0107838357699727,0.608159952761888,11.8899342462385,1.58863912934777,NA,0.450589463285241,0.00482115887325982,0.231478606537338,NA,NA,NA,NA,NA,NA,NA,NA,NA,NA,NA,NA,NA,NA,NA,NA,NA,NA,NA,0.323941029442482,0.4624878450138,0.437535587819075,0.356552274399219,0.331600017204493,0.193053201633175,0.450589463286716,0.0048211588803887,0.498665486807626,0.0266894625046198,0.0482383531327059,0.283680211260027,0.442031116388617,0.98582658969349
NC_027318.1:6265651-6265679,0.591332383363739,0.468732098372861,0.208211781838878,4.8232545577503,0.0250343994846003,4,4.45895968650579,1.08208062698841,4.2773672750647,0.433521460965205,10,1,1,1,10,0.0619928818497075,0.493355260521601,0.071947166373591,0.433521460965205,0.0619928818497075,0.493355260521601,0.071947166373591,0.0433521460965205,1.4299841514578,11.3801807971209,1.65959872467226,NA,0.259352402784451,0.00708017221958344,0.226666339095462,NA,NA,NA,NA,NA,NA,NA,NA,NA,NA,NA,NA,NA,NA,NA,NA,NA,NA,NA,0.221460974486374,0.720986835518474,0.712065669838811,1.01962917883137,1.01070801315171,0.441501520127079,0.259352402763497,0.00708017215678103,0.346848302200315,0.486109454084217,0.516675588783708,0.0313615506334017,0.0342905452298916,0.999914419420899
NC_027318.1:76263637-76263660,0.534870545714997,0.395331709429497,0.231878170401108,3.83313033097564,0.0460560809747959,4,2.95177061103359,4.09645877793282,7.29174542600911,0.537674859085651,10,1,1,1,10,0.321964075784599,0.224340488570912,0.0719887788137677,0.537674859085651,0.321964075784599,0.224340488570912,0.0719887788137677,0.0537674859085651,5.98808127893721,4.17241916336607,1.33889055062364,NA,0.0344308167685788,0.0683437394768382,0.2741217321533,NA,NA,NA,NA,NA,NA,NA,NA,NA,NA,NA,NA,NA,NA,NA,NA,NA,NA,NA,0.346873293754702,0.942512020071088,0.417577346694081,1.17485957868951,0.652707070810275,0.0570683444938894,0.0344308167245313,0.0707792041930775,0.697121495827847,0.17185610892074,0.954197561410688,0.043557709206858,0.921297617514198,0.0831994345852234
NC_027319.1:11655892-11656222,0.661103454562176,0.559434490930829,0.187889661629467,6.50251001829176,0.0102455181246447,4,5.89677171693737,-1.79354343387473,1.40174321420156,0.353025249472354,10,1,1,1,10,0.170588193656385,0.383092092054769,0.134984780710025,0.353025249472354,0.170588193656385,0.383092092054769,0.134984780710025,0.0353025249472354,4.83218109501665,10.8516909945494,3.82365796530925,NA,0.0525990886097468,0.00809252457931844,0.0790349548827728,NA,NA,NA,NA,NA,NA,NA,NA,NA,NA,NA,NA,NA,NA,NA,NA,NA,NA,NA,0.463343915215834,-0.0936613047637678,0.297183326669516,-0.0876656104214378,0.303179021011847,0.797304656312924,0.0525990885704631,0.00809252451819842,0.999977013029174,0.0177379668984645,0.759154640820641,0.0189459726115843,0.781290663339876,0.0602531021330134
NC_027319.1:30379301-30379335,0.561132955937552,0.429472842718818,0.133196216009113,4.26198141729766,0.0350595277392448,4,10.7132132061542,-11.4264264123084,-8.23113976423211,0.177412319591463,10,1,1,1,10,0.0454038315918061,0.178844762501751,0.00258980869598925,0.177412319591463,0.0454038315918061,0.178844762501751,0.00258980869598925,0.0177412319591463,2.55922653490806,10.0807408929429,0.145976824042037,NA,0.140735467196358,0.0099028780162576,0.710403987663248,NA,NA,NA,NA,NA,NA,NA,NA,NA,NA,NA,NA,NA,NA,NA,NA,NA,NA,NA,0.223635661307386,0.0856499697806454,-0.0338242104328826,0.196330382954056,0.0752580621481059,0.168668002828476,0.140735467168139,0.00990287795763822,0.824410506973136,0.202586537696775,0.0294553363522753,0.680842293853747,0.146995977906181,0.526075977002175
NC_027319.1:55357940-55358035,0.614459027443601,0.498796735676681,0.24502859566484,5.31252682319183,0.0189826207149468,4,2.17949120696856,5.64101758606288,8.83630423413917,0.600390126934835,10,1,1,1,10,0.0848483959179083,0.0809746897284976,0.791053510469853,0.600390126934835,0.0848483959179083,0.0809746897284976,0.791053510469853,0.0600390126934835,1.41322103931129,1.34870122101935,13.1756582092449,NA,0.261985957765226,0.272475719244608,0.00461387664215755,NA,-0.155699707237002,-0.153680245436681,-0.704656643867034,-0.634017564987959,-0.377999569752437,0.0706390788790751,0.326657074114598,0.256017995235523,-0.447526390599807,-0.448531120280086,-1.31672664507186,-1.20655662529565,-0.950538630060126,-0.501899981428614,-0.245881986193091,-0.274050174702225,0.136126976125804,0.141170629406724,-0.0925866426622129,-0.0614785046802705,0.194539490555252,0.643178139186764,0.899196134422287,0.78608616517327,0.261985957744398,0.272475719224269,0.0239492921385025,0.0296423362039698,0.24373908472206,0.980648367555564,0.351830676572993,0.484398761020585
NC_027319.1:62410531-62410546,0.597464246759789,0.487681768603368,0.106350338470055,5.44225505557002,0.0153542354215906,4,14.6573322852462,-19.3146645704924,-15.7744135649814,0.124414339419647,11,1,1,1,11,0.04232634518004,0.12587839380166,0.0164574158433853,0.124414339419647,0.04232634518004,0.12587839380166,0.0164574158433853,0.0113103944926952,3.74225189115875,11.1294432641548,1.45507001139653,NA,0.0791799588530393,0.00663929936589903,0.253019733734896,NA,NA,NA,NA,NA,NA,NA,NA,NA,NA,NA,NA,NA,NA,NA,NA,NA,NA,NA,0.0529300018790687,-0.0115364679472733,-0.069536458938075,0.161854673385983,0.103854682395181,0.168321152221523,0.0791799588530993,0.00674033481027736,0.143675347825948,0.0394598042697669,0.0119728314575036,0.826259548328977,0.40313418078045,0.86573512481468
NC_027319.1:69080402-69080418,0.652298446697501,0.547987980706752,0.0962764254177377,6.25343239052684,0.0115873075734789,4,15.2576113033036,-20.5152226066071,-17.3199359585309,0.092691500912172,10,1,1,1,10,0.00296388537617109,0.160456425807944,0.0104716990551024,0.092691500912172,0.00296388537617109,0.160456425807944,0.0104716990551024,0.0092691500912172,0.319758051925328,17.3108024175788,1.12973670207635,NA,0.584216561733782,0.00194679421355235,0.312824963425731,NA,NA,NA,NA,NA,NA,NA,NA,NA,NA,NA,NA,NA,NA,NA,NA,NA,NA,NA,0.148233510087433,0.386028919933195,0.40429886907956,0.47828942917253,0.496559378318895,0.226543879341571,0.584216561723945,0.00194679413304555,0.655596243345043,0.19104180345515,0.131924397126559,0.0270635882409654,0.0182613623696629,0.992806937437897
NC_027321.1:29674072-29674388,0.577886247505934,0.472357809382417,0.0124226828815466,5.47611864424206,0.0132421703478513,4,49.810139453096,-89.620278906192,-85.7573352949931,0.00185187659970565,12,1,1,1,12,0.000818638729745696,0.00167308271677031,4.35525471049036e-05,0.00185187659970565,0.000818638729745696,0.00167308271677031,4.35525471049036e-05,0.000154323049975471,5.30470807747654,10.8414311215093,0.282216733740204,NA,0.0399657220080499,0.00642788334325967,0.604945981181492,NA,NA,NA,NA,NA,NA,NA,NA,NA,NA,NA,NA,NA,NA,NA,NA,NA,NA,NA,0.00847366287876142,0.00232792769584015,-0.00867828634493547,0.0199335770991976,0.00892736305842193,0.0150730982413432,0.0399657220125722,0.00642788335000632,0.23965478854595,0.0786357803013378,0.00890497742476959,0.895258275003891,0.258323403521915,0.607431486904795
NC_027321.1:29877090-29877148,0.566582140914216,0.43655678318848,0.149676559643222,4.35747419445149,0.0330554355324926,4,9.08006633985319,-8.16013267970639,-4.96484603163009,0.224030725066309,10,1,1,1,10,0.0180068581677069,0.265394416836562,0.00946115596794074,0.224030725066309,0.0180068581677069,0.265394416836562,0.00946115596794074,0.0224030725066309,0.803767347642928,11.8463401284806,0.422315107230958,NA,0.391041184801456,0.00631179356802317,0.530428377062655,NA,NA,NA,NA,NA,NA,NA,NA,NA,NA,NA,NA,NA,NA,NA,NA,NA,NA,NA,0.242122281084932,0.0189858679653763,-0.0077149550968782,0.150748650346553,0.124047827284299,0.297093139994953,0.391041184785809,0.00631179350375588,0.709817047740462,0.0650646486047854,0.044911282198167,0.353991075167491,0.259668389631841,0.994000372453361
NC_027321.1:39414473-39414497,0.698006737726453,0.597342316968604,0.0958234722251668,6.9339964653999,0.0102552462718045,4,14.4322290851082,-18.8644581702163,-16.0397113829086,0.0826392404635858,9,1,1,1,9,0.00576643521341314,0.0215694965196876,0.163670802026178,0.0826392404635858,0.00576643521341314,0.0215694965196876,0.163670802026178,0.00918213782928731,0.628005734679841,2.34907130787012,17.8249123536497,NA,0.448471964346397,0.159722176972809,0.00223298622816797,NA,-0.0422474732336489,0.0814997553143763,0.204838247625666,0.292997852105832,0.0455214940279873,0.088159604480166,-0.159316753597679,-0.247476358077845,-0.162845918374804,-0.0390986898267794,-0.0394098422714166,0.0645246846636209,-0.198726595869095,-0.140313562962045,-0.403564843494762,-0.475949525520056,0.0783509719075068,0.202098200455532,0.449086337522749,0.521471019548044,0.28976958392507,0.316632771922377,0.0849313362994039,-0.0190031906356335,0.448471964346431,0.160677558274631,0.106339882520136,0.0135028587479299,0.935079725542921,0.639293181590929,0.244381041425018,0.033847321424144
NC_027322.1:21130122-21130211,0.647627479469275,0.559534349336594,0.0392829840989775,7.35162297552435,0.00468792251540493,4,31.3898613035108,-52.7797226070215,-48.9167789958226,0.0185178340766462,12,1,1,1,12,8.36053297050017e-05,0.0294443433838274,0.0045060849001727,0.0185178340766462,8.36053297050017e-05,0.0294443433838274,0.0045060849001727,0.00154315283972052,0.0541782560696602,19.0806397305143,2.92005093998906,NA,0.819868743588474,0.0009151751657609,0.113196499074288,NA,NA,NA,NA,NA,NA,NA,NA,NA,NA,NA,NA,NA,NA,NA,NA,NA,NA,NA,0.0443324649347227,-0.036892508163638,-0.00790061658286173,0.00124297842703464,0.0302348700078109,0.111459843106172,0.819868743588909,0.000915175175450256,0.538037570456035,0.00494747161404063,0.0304927546639049,0.054009489018619,0.286229009886445,0.728112254022437
NC_027322.1:22527536-22527589,0.548974045922894,0.425966967538228,0.200486785356582,4.46294679242891,0.0277856760402662,4,5.14718810701192,-0.294376214023831,3.24587479148722,0.442144462128776,11,1,1,1,11,0.23472511841317,0.29610376600174,0.00733489987086133,0.442144462128776,0.23472511841317,0.29610376600174,0.00733489987086133,0.040194951102616,5.83966672366205,7.36669053896344,0.182483114661233,NA,0.0342159067816906,0.0201404142342634,0.67748961192716,NA,NA,NA,NA,NA,NA,NA,NA,NA,NA,NA,NA,NA,NA,NA,NA,NA,NA,NA,0.643412663192455,0.130488130904489,0.402206987223102,-0.0862742826167648,0.185444573701848,0.698369105989814,0.03421590678176,0.0203915050877905,0.643751015614868,0.195057128228969,0.979934985417579,0.0180766507135821,0.367944619715462,0.276072707456231
NC_027322.1:23617327-23617351,0.583690290056829,0.444920386742439,0.114123345796579,4.20617350099646,0.0406676462553413,4,12.1601907920102,-14.3203815840203,-11.4956347967127,0.117217242502251,9,1,1,1,9,0.130253009177356,6.39552347937265e-05,0.034028388678798,0.117217242502251,0.130253009177356,6.39552347937265e-05,0.034028388678798,0.0130241380558056,10.0008928513541,0.00491051573007688,2.61271713590517,NA,0.0115053728013479,0.945666256616353,0.140465460968782,NA,NA,NA,NA,NA,NA,NA,NA,NA,NA,NA,NA,NA,NA,NA,NA,NA,NA,NA,-0.0195728872024594,0.176437331558222,0.0534249044570296,0.486903551846956,0.363891124745763,0.167880905985081,0.0115053728014053,0.945804789173739,0.0364607316241223,0.625817353070556,0.124924782537652,0.222894164827626,0.724472680998839,0.644316652149607
NC_027322.1:324267-324547,0.583955921010855,0.470489354013816,0.216790415930262,5.14650206193417,0.0182489501009124,4,3.97444722457176,2.05110555085648,5.59135655636753,0.516978928831378,11,1,1,1,11,0.0468018313000244,0.3383438240864,0.340481560033722,0.516978928831378,0.0468018313000244,0.3383438240864,0.340481560033722,0.0469980844392162,0.995824231103597,7.19909817865,7.2445837760489,NA,0.33976889835859,0.0212894558987907,0.0209699986686576,NA,0.111965194647741,-0.300275578822705,0.417433141158981,0.025210739610049,-0.164690478023443,-0.392222401548932,-0.582123619182425,-0.189901217633492,-0.134984678470778,-0.547225451941224,-0.0808769994959202,-0.473099401044853,-0.663000618678345,-0.853567945687728,-1.04346916332122,-0.651246761772288,0.35891506776626,-0.0533257057041863,0.915743281813883,0.523520880264951,0.333619662631458,0.0691231425898627,-0.12077807504363,0.271444326505303,0.339768898358629,0.021551686378979,0.111098293408577,0.998662779072362,0.755497285697403,0.104626360622364,0.0134077075010062,0.616846005338703
NC_027322.1:48545303-48545529,0.783946922496494,0.719130999245442,0.228731201703117,12.0949742466836,0.00115376535153703,4,3.14307478318814,3.71385043362371,6.9091370817,0.523179626325519,10,1,1,1,10,0.125837345736192,1.67812553638646,0.0943903499163558,0.523179626325519,0.125837345736192,1.67812553638646,0.0943903499163558,0.0523179626325519,2.40524170675363,32.0755138760381,1.80416715725904,NA,0.151974948005796,0.000208523502093527,0.208897558961086,NA,NA,NA,NA,NA,NA,NA,NA,NA,NA,NA,NA,NA,NA,NA,NA,NA,NA,NA,0.950600575454972,0.000772074473043283,0.0481663157095329,-0.37846862960796,-0.33107438837147,0.542206404549356,0.151974947978464,0.000208523380082037,0.240078175287206,0.0503524553235887,0.0773414246736569,0.00182677802412301,0.00269250498381235,0.990698018116727
NC_027324.1:10165520-10165551,0.484099425364741,0.355124281705926,0.111225167938872,3.75343195310064,0.0412306661942227,4,14.7376175265631,-19.4752350531262,-15.6122914419273,0.148452455796363,12,1,1,1,12,0.0530213927584287,0.0862634706790459,1.66843381073572e-05,0.148452455796363,0.0530213927584287,0.0862634706790459,1.66843381073572e-05,0.0123710379830302,4.28592918647246,6.97301801169606,0.00134866113338619,NA,0.0606613211300846,0.0215479883578418,0.971308825504212,NA,NA,NA,NA,NA,NA,NA,NA,NA,NA,NA,NA,NA,NA,NA,NA,NA,NA,NA,0.120408794874493,0.088687449802399,-0.0284867465531454,0.20177699952606,0.0846028031705155,0.116324148242609,0.0606613211341177,0.0215479883630825,0.501319170525492,0.30226853104009,0.0266134022433677,0.976806200372105,0.281139547806838,0.472678706797623
NC_027324.1:6782074-6782079,0.52630719644542,0.407883995556775,0.0508392511196729,4.44429125792939,0.0255046625339292,4,27.2638250548925,-44.5276501097849,-40.664706498586,0.0310155534529099,12,1,1,1,12,0.00767373529550547,0.00614512986116911,0.0206416731109777,0.0310155534529099,0.00767373529550547,0.00614512986116911,0.0206416731109777,0.00258462945440916,2.9689885652331,2.37756706311848,7.98631814543656,NA,0.110519962066428,0.149036892383198,0.0152885799808089,NA,0.0437999294962488,-0.0391954393430189,-0.0280361218828771,-0.111031490722145,0.00460449015322983,-0.0829953688392677,0.0326406120361069,0.115635980875375,-0.0115846764339156,-0.0945800452731834,-0.134764492781607,-0.217759861620875,-0.1021238807455,-0.189723739737998,-0.0740877588626231,0.00890760997664466,0.0991845354264132,0.0161891665871455,0.0786922490158529,-0.00430311982341483,0.11133286105196,0.0237330020594622,0.139368982934837,0.222364351774105,0.110519962069741,0.149036892386144,0.862087780618517,0.0406362939205231,0.999205329457289,0.150448958308009,0.801040270580008,0.0325086238710171
NC_027325.1:8938415-8938421,0.575499520816593,0.433999361088791,0.139023591913005,4.06712983168116,0.0441651539405332,4,9.59446138453938,-9.18892276907876,-6.36417598177107,0.173948031975545,9,1,1,1,9,0.0126310396368725,0.0176190750135397,0.205572962019576,0.173948031975545,0.0126310396368725,0.0176190750135397,0.205572962019576,0.0193275591083938,0.653524822562146,0.911603731993648,10.6362609404876,NA,0.439700414556954,0.364629053825802,0.0098178673918079,NA,-0.0625268542839879,0.0736593450990646,0.202541230002637,0.344393532854848,0.0400164237490359,0.141852302852211,-0.162524806253601,-0.304377109105813,-0.237494726281467,-0.101308526898415,-0.151821286684218,-0.00996898383200684,-0.291459358290258,-0.212510213834644,-0.494000588292895,-0.635852891145106,0.112441017713491,0.248627217096544,0.556903746689492,0.698756049541704,0.37149220578833,0.496214819539067,0.168950975785693,0.0270986729334815,0.439700414556986,0.365798756704302,0.339940600355131,0.0570663655700036,0.980626629754015,0.613698815061167,0.459953621570543,0.0733932700052011
NC_027326.1:19205173-19205215,0.548998259760225,0.413697737688292,0.154426928231882,4.05762114848566,0.0398564692902754,4,8.64264570480346,-7.28529140960692,-4.09000476153063,0.238476761631347,10,1,1,1,10,0.135371878519247,0.0235455822934159,0.131377044612655,0.238476761631347,0.135371878519247,0.0235455822934159,0.131377044612655,0.0238476761631347,5.67652284412154,0.987332356089863,5.50900824524557,NA,0.0384449485700292,0.343829880478454,0.0408402021161388,NA,-0.19666641700333,-0.0811789209195082,-0.380578442960062,-0.278620767029491,-0.2676979728079,0.101957675930571,0.112880470152162,0.0109227942215913,-0.380587392290064,-0.265099896206242,-0.741415708244081,-0.63945803231351,-0.601768365754805,-0.283793586661789,-0.247956795131857,-0.349914471062428,-0.0127454417165965,0.102742054367225,-0.0197411776760424,0.0822164982545283,0.0663724201390056,0.48770893852293,0.473717735436181,0.37176005950561,0.0384449485272317,0.34857917263016,0.0383086354434725,0.148120977047609,0.129412234667194,0.84901882188779,0.775839784779782,0.999695209727176
NC_027326.1:7878120-7878137,0.500190218734032,0.37523777341754,0.0789961478201007,4.00304465804651,0.0345164607724087,4,20.2121390799377,-30.4242781598753,-26.5613345486764,0.0748846964449824,12,1,1,1,12,0.0113645938703011,0.0629196441315026,0.000657458016576535,0.0748846964449824,0.0113645938703011,0.0629196441315026,0.000657458016576535,0.0062403913704152,1.82113479679801,10.0826439235519,0.105355253789602,NA,0.202088140061729,0.00799034512677681,0.751083765351885,NA,NA,NA,NA,NA,NA,NA,NA,NA,NA,NA,NA,NA,NA,NA,NA,NA,NA,NA,0.206320944608377,0.278437462096232,0.344560358761822,0.237955509574268,0.304078406239858,0.231961888752003,0.202088140064296,0.00799034513324415,0.885357393364197,0.235636126911006,0.033497322437676,0.585244577682,0.115105968282993,0.647809199032287
NC_027328.1:5260790-5260813,0.668961521264049,0.544822091738067,0.131487758823959,5.38879164998933,0.0253235286787452,4,9.75162649605537,-9.50325299211073,-7.07871974317073,0.13831224576438,8,1,1,1,8,0.217857975357267,0.020886800821945,0.0407561769706749,0.13831224576438,0.217857975357267,0.020886800821945,0.0407561769706749,0.0172890307205475,12.6009363323271,1.20809553522984,2.35734308241106,NA,0.00751185325160964,0.303683272559766,0.163243467789311,NA,NA,NA,NA,NA,NA,NA,NA,NA,NA,NA,NA,NA,NA,NA,NA,NA,NA,NA,-0.0422338343061981,0.310686095923716,0.157762756655946,0.69672221753993,0.54379887827216,0.190878948042246,0.00751185416625089,0.303683272830632,0.0288789698106368,0.989049327929714,0.368390529064299,0.0443761454795614,0.314314281443465,0.519779738931554
