chr	start	end	number_of_dms	hypermethylated_samples	hypomethylated_samples	methylation_level_16C_26psu_1	methylation_level_16C_26psu_2	methylation_level_16C_26psu_3	methylation_level_16C_26psu_4	methylation_level_16C_32psu_1	methylation_level_16C_32psu_2	methylation_level_16C_32psu_3	methylation_level_16C_32psu_4	methylation_level_8C_26psu_1	methylation_level_8C_26psu_2	methylation_level_8C_26psu_3	methylation_level_8C_26psu_4	methylation_level_8C_32psu_1	methylation_level_8C_32psu_2	methylation_level_8C_32psu_3	methylation_level_8C_32psu_4	methylation_level_CTRL_16C_26psu_1	methylation_level_CTRL_16C_26psu_2	methylation_level_CTRL_8C_26psu_1	methylation_level_CTRL_8C_26psu_2	ID
NC_001960.1	303	335	5	16C_32psu_2,16C_32psu_4,8C_32psu_4	16C_26psu_3,16C_26psu_4,8C_26psu_1,CTRL_8C_26psu_1	0.0238541666666667	0.0286262357975505	0.0168413173652695	0.0167516387472688	0.0235049092531985	0.0316474637139009	0.0305770887166236	0.0330716994443954	0.0213871066300031	0.0280621639537453	0.0228758169934641	0.0246273493195075	0.0243169398907104	0.0276972302769723	0.0220958214832641	0.0331825037707391	0.0238921001926782	0.0302476654486399	0.0206627680311891	0.023332487953335	NC_001960.1:303-335
NC_001960.1	3594	3789	15	CTRL_16C_26psu_2,16C_32psu_4,16C_32psu_1,8C_26psu_3	8C_32psu_1,16C_26psu_4	0.01329534662868	0.00968703427719821	0.00589101620029455	0.0103703703703704	0.0212314225053079	0.0139837398373984	0.0167525773195876	0.0219546742209632	0.0230024213075061	0.0160427807486631	0.0154155495978552	0.00789889415481832	0.010431350436989	0.0111607142857143	0.0115690527838033	0.00974745237040319	0.00972762645914397	0.0276327241079199	0.00699300699300699	0.0128693994280267	NC_001960.1:3594-3789
NC_001960.1	6640	6848	8	16C_32psu_2,8C_26psu_3,16C_32psu_3,16C_32psu_1,CTRL_16C_26psu_2,16C_32psu_4	16C_26psu_3,16C_26psu_1	0.009184128399465	0.00861008610086101	0.00780003545470661	0.00916936353829558	0.00845238095238095	0.0125410570319498	0.0123900879296563	0.011311939013894	0.00985841636077609	0.00988367007784484	0.0104343605920893	0.00526170036001108	0.0113058224985868	0.00654746915134727	0.0114653683053243	0.00903195924038907	0.00999286224125625	0.01235285568958	0.0109637939826619	0.0098219766728054	NC_001960.1:6640-6848
NC_001960.1	8434	8768	10	16C_32psu_1,16C_32psu_2,16C_32psu_4,16C_32psu_3,CTRL_16C_26psu_2	16C_26psu_3,8C_32psu_3	0.0106244835320505	0.012937898089172	0.00716100716100716	0.00874192322310908	0.0156728729672402	0.0162614338206551	0.0152938019855111	0.0161874334398296	0.0136408381380959	0.0118438221419251	0.0118435754189944	0.0107741420590583	0.0103101946493645	0.0101465614430665	0.00838237916889602	0.012973137973138	0.0114181319936058	0.0158986175115207	0.0103059581320451	0.0116086235489221	NC_001960.1:8434-8768
NC_001960.1	16227	16274	8	16C_32psu_3,CTRL_16C_26psu_2,16C_32psu_1,16C_32psu_4	8C_26psu_4,CTRL_8C_26psu_2,16C_26psu_1	0.0123076923076923	0.0127750177430802	0.0162107396149949	0.0160818713450292	0.0288127173373075	0.0240963855421687	0.0289093298291721	0.0288739172281039	0.0256410256410256	0.0125922709509336	0.0134340890008396	0.00175746924428822	0.0206143896523848	0.020746887966805	0.0171875	0.0206297502714441	0.0223367697594502	0.0310486233157586	0.0148448043184885	0.011144883485309	NC_001960.1:16227-16274
NC_027300.1	10312345	10312519	4	16C_32psu_1,16C_32psu_3,16C_26psu_4	8C_32psu_1	0.326923076923077	0.30188679245283	0.272727272727273	0.541666666666667	0.548387096774194	0.397058823529412	0.666666666666667	0.263157894736842	0.642857142857143	0.305555555555556	0.549295774647887	0.310344827586207	0.322222222222222	0.409090909090909	0.608695652173913	0.439393939393939	0.53030303030303	0.25	0.611111111111111	0.366197183098592	NC_027300.1:10312345-10312519
NC_027300.1	15122262	15122271	3	16C_32psu_1,8C_32psu_1,8C_32psu_3,8C_32psu_4,16C_32psu_2	8C_26psu_3,CTRL_16C_26psu_2	0.2	0.0869565217391304	0.277777777777778	0.0769230769230769	0.705882352941177	0.785714285714286	0.0416666666666667	0.142857142857143	0	0.217391304347826	0.078125	0.4	0.583333333333333	0.0434782608695652	0.454545454545455	0.736842105263158	0.210526315789474	0.037037037037037	0.0909090909090909	0.19047619047619	NC_027300.1:15122262-15122271
NC_027300.1	77567198	77567219	3	8C_32psu_1,CTRL_16C_26psu_2,8C_32psu_4		0	0	0	0.0526315789473684	0	0.0512820512820513	0	0	0.0465116279069767	0	0	NA	0.195652173913043	0.0487804878048781	0.111111111111111	0.132075471698113	0.0410958904109589	0.241379310344828	0	0.0833333333333333	NC_027300.1:77567198-77567219
NC_027300.1	102899408	102899462	3	8C_32psu_3,8C_32psu_4,CTRL_8C_26psu_2	8C_26psu_4	0.171717171717172	0.119205298013245	0.150684931506849	0.129310344827586	0.128205128205128	0.138613861386139	0.112676056338028	0.189189189189189	0.192307692307692	0.169491525423729	0.166666666666667	0.0135135135135135	0.252252252252252	0.157894736842105	0.274725274725275	0.472222222222222	0.177083333333333	0.169491525423729	0.148471615720524	0.289772727272727	NC_027300.1:102899408-102899462
NC_027301.1	5075649	5075667	3	8C_26psu_2,8C_26psu_3	CTRL_8C_26psu_1,CTRL_8C_26psu_2	0.428571428571429	0.486486486486487	0.277777777777778	0.705882352941177	0.305555555555556	0.476190476190476	NA	0.222222222222222	0.378378378378378	0.548387096774194	0.477272727272727	1	0.416666666666667	0.333333333333333	0.3	0.45	0.522727272727273	0.529411764705882	0.0666666666666667	0.142857142857143	NC_027301.1:5075649-5075667
NC_027301.1	32623148	32623201	7	16C_26psu_1,16C_26psu_2,16C_26psu_3,CTRL_8C_26psu_2,CTRL_8C_26psu_1	16C_32psu_3,16C_32psu_2,8C_32psu_4	0.657894736842105	0.470588235294118	0.559322033898305	0.533333333333333	0.393939393939394	0.180327868852459	0.0377358490566038	NA	0.282051282051282	0.25	0.323529411764706	NA	0.137931034482759	NA	0.238095238095238	0.1	NA	0.266666666666667	0.527777777777778	0.636363636363636	NC_027301.1:32623148-32623201
NC_027301.1	45282713	45282740	3	16C_26psu_1,8C_32psu_3,8C_32psu_1	16C_32psu_2	0.810810810810811	0.5	1	0.513513513513513	0.75	0.414634146341463	0.571428571428571	NA	0.692307692307692	0.428571428571429	0.583333333333333	NA	1	0.5	1	NA	0.5	0.75	NA	1	NC_027301.1:45282713-45282740
NC_027301.1	53270967	53270987	5	8C_32psu_1,8C_32psu_2	8C_26psu_2,8C_26psu_4	0.571428571428571	1	NA	1	0.942857142857143	1	0.85	1	0.842105263157895	0.714285714285714	0.8	0.351351351351351	0.957446808510638	0.951219512195122	0.92	0.91304347826087	0.933333333333333	0.916666666666667	1	0.767857142857143	NC_027301.1:53270967-53270987
NC_027301.1	68457293	68457340	6	CTRL_16C_26psu_1,CTRL_8C_26psu_2,8C_26psu_2,16C_26psu_3,CTRL_8C_26psu_1	8C_32psu_1,16C_32psu_3	0.0833333333333333	0.0932642487046632	0.134328358208955	0.0758620689655172	0.0923076923076923	0.0581395348837209	0.0402684563758389	0	0.094017094017094	0.189473684210526	0.0272108843537415	0	0.029045643153527	0.142857142857143	0.103092783505155	0.0476190476190476	0.121673003802281	0.0258620689655172	0.145161290322581	0.157657657657658	NC_027301.1:68457293-68457340
NC_027302.1	31132851	31132902	4	8C_26psu_2,8C_26psu_3,16C_32psu_3	CTRL_8C_26psu_2,16C_26psu_4,CTRL_16C_26psu_1	0.4	0.612903225806452	0	0.351351351351351	0.55	0.541666666666667	0.823529411764706	0.3	0.481481481481481	0.730769230769231	0.875	0.571428571428571	0.636363636363636	0.6	0.538461538461538	NA	0.30188679245283	0.628571428571429	NA	0.292307692307692	NC_027302.1:31132851-31132902
NC_027302.1	47493167	47493234	5	8C_26psu_1,8C_26psu_4,CTRL_8C_26psu_1	16C_26psu_1,CTRL_16C_26psu_1,8C_32psu_3	0.506024096385542	0.648648648648649	NA	0.818181818181818	0.688172043010753	0.578947368421053	0.75	NA	0.835294117647059	0.757575757575758	0.611111111111111	0.816326530612245	0.683168316831683	0.803921568627451	0.507042253521127	0.485714285714286	0.674418604651163	0.671641791044776	1	0.595238095238095	NC_027302.1:47493167-47493234
NC_027302.1	74632956	74632980	6	8C_26psu_1,8C_26psu_2	8C_32psu_3,8C_32psu_4,CTRL_16C_26psu_1	0.96875	0.947368421052632	1	0.978260869565217	0.925925925925926	0.95	0.87719298245614	0.866666666666667	0.987341772151899	0.978021978021978	1	0.978723404255319	0.861702127659574	0.930232558139535	0.802325581395349	0.806451612903226	0.833333333333333	0.970588235294118	NA	0.925373134328358	NC_027302.1:74632956-74632980
NC_027303.1	9488097	9488130	4	8C_32psu_3,8C_32psu_4,CTRL_16C_26psu_1	16C_32psu_2,16C_32psu_1	0.0833333333333333	0.307692307692308	0	0.117647058823529	0	0	0.0416666666666667	NA	0.1	0.333333333333333	0.0333333333333333	NA	0.153846153846154	0.0833333333333333	0.8	0.404761904761905	0.526315789473684	0	0.25	0	NC_027303.1:9488097-9488130
NC_027303.1	11810571	11810605	6	16C_32psu_1,CTRL_8C_26psu_2,CTRL_8C_26psu_1,8C_26psu_3	16C_26psu_4,16C_26psu_3	0.403846153846154	0.416666666666667	0.317073170731707	0.234042553191489	0.727272727272727	0.457142857142857	NA	0.366666666666667	0.333333333333333	0.418604651162791	0.568181818181818	0.8	0.571428571428571	0.714285714285714	0.6	NA	0.326530612244898	NA	0.548387096774194	0.529411764705882	NC_027303.1:11810571-11810605
NC_027303.1	12923058	12923078	3	16C_32psu_2,16C_32psu_4	16C_26psu_1,16C_26psu_4	0.636363636363636	0.653061224489796	NA	0.538461538461538	0.92156862745098	0.981818181818182	0.864864864864865	1	0.714285714285714	0.794871794871795	0.696428571428571	0.769230769230769	0.755555555555556	0.731707317073171	0.742857142857143	0.795180722891566	0.847826086956522	0.805555555555556	0.888888888888889	0.877551020408163	NC_027303.1:12923058-12923078
NC_027303.1	39435902	39436010	5	8C_26psu_3,8C_26psu_4,CTRL_8C_26psu_2		0.0909090909090909	0.043010752688172	NA	0.150442477876106	0.0260869565217391	0.087719298245614	0.142857142857143	0.0212765957446809	0.25	0.0309278350515464	0.44047619047619	0.255813953488372	0.0666666666666667	0	NA	0.111111111111111	0.0410958904109589	0.0714285714285714	0.0689655172413793	0.516129032258065	NC_027303.1:39435902-39436010
NC_027303.1	56548267	56548304	4	8C_26psu_2,8C_26psu_3,8C_32psu_2	CTRL_16C_26psu_2,CTRL_8C_26psu_1	0.75	0.62962962962963	NA	0.6	0.59375	0.8	0.645161290322581	NA	0.666666666666667	0.958333333333333	0.907692307692308	NA	0.411764705882353	1	0.5	0.461538461538462	0.685185185185185	0.25	0.0869565217391304	0.483870967741935	NC_027303.1:56548267-56548304
NC_027303.1	59186660	59186680	4	CTRL_16C_26psu_1,CTRL_16C_26psu_2	8C_26psu_4,8C_32psu_1	0.80952380952381	0.529411764705882	NA	0.888888888888889	0.923076923076923	0.612903225806452	0.833333333333333	NA	0.870967741935484	NA	0.875	0.5	0.660377358490566	0.6	0.758620689655172	0.65625	0.931034482758621	0.918367346938776	NA	0.728571428571429	NC_027303.1:59186660-59186680
NC_027303.1	67325150	67325166	3	8C_26psu_4,16C_32psu_2,8C_26psu_2	16C_26psu_1	0.0476190476190476	0	NA	0	0.189189189189189	0.333333333333333	0.0909090909090909	NA	0.142857142857143	0.254901960784314	0.0740740740740741	0.583333333333333	0.0303030303030303	0.0909090909090909	0.0588235294117647	0.135135135135135	0.0769230769230769	0.333333333333333	0.277777777777778	0.0588235294117647	NC_027303.1:67325150-67325166
NC_027303.1	81936045	81936066	3	16C_26psu_1,16C_26psu_4	16C_32psu_1,8C_32psu_3,8C_32psu_1	1	0.842105263157895	NA	0.961538461538462	0.258064516129032	0.857142857142857	0.72	0.625	1	NA	0.777777777777778	1	0.454545454545455	0.625	0.405405405405405	0.578947368421053	NA	0.857142857142857	0.833333333333333	0.833333333333333	NC_027303.1:81936045-81936066
NC_027304.1	15750	15859	4	CTRL_16C_26psu_1,CTRL_8C_26psu_1,16C_32psu_1,CTRL_8C_26psu_2		0.0416666666666667	0	0	0.0188679245283019	0.0535714285714286	0.00675675675675676	0	0.0350877192982456	0.0144927536231884	0	0	NA	0.00840336134453781	0	0.0298507462686567	0	0.0564516129032258	0.0294117647058824	0.342857142857143	0.0451612903225806	NC_027304.1:15750-15859
NC_027304.1	27345449	27345462	3	16C_32psu_3,16C_32psu_4	16C_26psu_1,16C_26psu_3	0.0238095238095238	0.380281690140845	0.243386243386243	0.351063829787234	0.5	0.426470588235294	0.76	0.75	0.347826086956522	0.444444444444444	0.227272727272727	0.56	0.636363636363636	0.463414634146341	0.53125	NA	0.379310344827586	0.2	0.558139534883721	0.478991596638655	NC_027304.1:27345449-27345462
NC_027305.1	1463348	1463383	6	16C_32psu_2,16C_32psu_3,CTRL_8C_26psu_2,8C_26psu_2	8C_32psu_1,8C_32psu_3,8C_32psu_4	0.840909090909091	0.9375	NA	1	0.92156862745098	0.945454545454545	0.923076923076923	0.666666666666667	0.857142857142857	0.966666666666667	0.975	0.833333333333333	0.542372881355932	0.744186046511628	0.444444444444444	0.317073170731707	0.931818181818182	0.936708860759494	0.8	1	NC_027305.1:1463348-1463383
NC_027305.1	6689030	6689101	6	8C_26psu_1,16C_32psu_3,8C_26psu_2,8C_26psu_3	16C_26psu_3,8C_32psu_1,16C_26psu_4	0.515625	0.578947368421053	0.204081632653061	0.135135135135135	0.425531914893617	0.647058823529412	0.68	0.333333333333333	0.789473684210526	0.71875	0.736842105263158	NA	0.225	0.5	0.428571428571429	0.471428571428571	0.483870967741935	0.348837209302326	0.6875	0.536585365853659	NC_027305.1:6689030-6689101
NC_027305.1	30869265	30869300	3	8C_32psu_1,CTRL_8C_26psu_1,CTRL_8C_26psu_2	8C_26psu_4,16C_26psu_4	0.526315789473684	0.333333333333333	0.666666666666667	0.161290322580645	0.479452054794521	0.324324324324324	0.260869565217391	NA	NA	0.166666666666667	0.6	0.111111111111111	1	NA	0.2	0.333333333333333	0.433333333333333	0.342857142857143	0.772727272727273	0.727272727272727	NC_027305.1:30869265-30869300
NC_027305.1	40292488	40292577	7	16C_32psu_1,16C_32psu_3	8C_26psu_4,16C_26psu_3,8C_32psu_1	0.703125	0.75	0.263157894736842	0.657142857142857	0.885714285714286	0.776119402985075	0.9	0.675	0.4	0.62962962962963	0.714285714285714	0.142857142857143	0.32258064516129	0.72972972972973	0.733333333333333	NA	NA	0.631578947368421	0.666666666666667	0.733333333333333	NC_027305.1:40292488-40292577
NC_027305.1	43156520	43156536	3	16C_26psu_2,16C_26psu_3,8C_32psu_1	16C_32psu_4	0.4	0.782608695652174	0.933333333333333	0.541666666666667	0.461538461538462	0.555555555555556	0.4	0.2	0.375	0.5	0.545454545454545	NA	0.714285714285714	0.523809523809524	0.566666666666667	0.571428571428571	0.6	0.444444444444444	0.458333333333333	0.62962962962963	NC_027305.1:43156520-43156536
NC_027305.1	46511831	46511875	9	16C_26psu_1,8C_32psu_4,8C_32psu_3	16C_32psu_4,16C_32psu_2	0.862068965517241	0.716049382716049	0.815789473684211	0.833333333333333	0.861702127659574	0.652173913043478	0.739583333333333	0.702479338842975	0.823529411764706	0.821428571428571	1	0.806451612903226	0.8	0.904761904761905	0.909090909090909	0.914893617021277	0.896551724137931	0.96	1	0.95	NC_027305.1:46511831-46511875
NC_027305.1	54888576	54888665	4	8C_26psu_3,8C_26psu_4,CTRL_8C_26psu_1	CTRL_16C_26psu_1,16C_26psu_1	0.514285714285714	0.791666666666667	0.86046511627907	0.829268292682927	1	1	0.666666666666667	NA	0.878787878787879	0.878787878787879	0.855072463768116	1	0.710526315789474	0.8	0.642857142857143	0.692307692307692	0.557692307692308	0.8	0.96078431372549	0.617021276595745	NC_027305.1:54888576-54888665
NC_027306.1	24768317	24768381	3	8C_26psu_3,8C_26psu_2	16C_26psu_3,8C_32psu_1,CTRL_16C_26psu_1,8C_32psu_4	0.839285714285714	0.828571428571429	0.352941176470588	0.739130434782609	0.86	0.846153846153846	0.901960784313726	0.666666666666667	0.631578947368421	0.923076923076923	0.788888888888889	0.75	0.652173913043478	0.848484848484849	0.8	0.531914893617021	0.5	0.716981132075472	0.871794871794872	0.846153846153846	NC_027306.1:24768317-24768381
NC_027307.1	381974	382078	7	16C_32psu_3,16C_32psu_4,CTRL_8C_26psu_2,8C_26psu_3		0.0520231213872832	0.11377245508982	0	0.0848484848484849	0.134969325153374	0.0161290322580645	0.270833333333333	0.279220779220779	0.0970149253731343	0.119205298013245	0.187096774193548	NA	0.0404040404040404	0.083969465648855	0.0974025974025974	0.142857142857143	0.0572687224669604	0.0471698113207547	0.0625	0.193236714975845	NC_027307.1:381974-382078
NC_027307.1	21236885	21236906	4	16C_26psu_2,16C_26psu_4,8C_26psu_1	8C_32psu_1	0.897435897435897	0.980769230769231	0.75	0.96	0.75	0.90625	0.966666666666667	0.725	0.981481481481482	0.931818181818182	0.74468085106383	NA	0.692307692307692	0.8	0.75	0.9	0.833333333333333	0.875	0.8	0.857142857142857	NC_027307.1:21236885-21236906
NC_027307.1	26157446	26157479	3	8C_26psu_2,8C_32psu_1,8C_32psu_3,8C_32psu_4	16C_26psu_1,16C_32psu_3,16C_26psu_4,CTRL_16C_26psu_1	0.4375	0.73469387755102	0.423076923076923	0.513513513513513	0.779220779220779	0.628571428571429	0.592592592592593	NA	0.722222222222222	0.745098039215686	0.723684210526316	0.176470588235294	0.928571428571429	0.92	0.829268292682927	1	0.622950819672131	0.725	0.608695652173913	0.451612903225806	NC_027307.1:26157446-26157479
NC_027308.1	8206535	8206556	4	8C_26psu_4,8C_26psu_2	8C_32psu_1,16C_32psu_2	0.25	0.166666666666667	NA	0.333333333333333	0.5	0.0909090909090909	0.428571428571429	0.291666666666667	0.566666666666667	0.659574468085106	0.485714285714286	0.80952380952381	0.177777777777778	0.491803278688525	0.351351351351351	0.6	0.45	0.483870967741935	0.483870967741935	0.545454545454545	NC_027308.1:8206535-8206556
NC_027308.1	30385528	30385552	3	16C_32psu_2,16C_32psu_3,CTRL_8C_26psu_2	8C_26psu_1	0.5	0.682926829268293	0.51063829787234	0.605263157894737	0.591836734693878	0.88	0.914285714285714	NA	0.333333333333333	0.564102564102564	0.633802816901408	NA	0.607843137254902	0.628571428571429	0.487179487179487	0.538461538461538	0.617647058823529	0.736842105263158	NA	0.888888888888889	NC_027308.1:30385528-30385552
NC_027308.1	55679097	55679109	3	8C_26psu_2,8C_26psu_4,CTRL_8C_26psu_1	16C_26psu_1,8C_32psu_3	0.380952380952381	0.613636363636364	0.4	0.461538461538462	0.634146341463415	0.645161290322581	0.473684210526316	0.678571428571429	0.333333333333333	0.761904761904762	0.515151515151515	0.807692307692308	0.392156862745098	0.671232876712329	0.227272727272727	0.4	0.430555555555556	0.571428571428571	1	0.531645569620253	NC_027308.1:55679097-55679109
NC_027308.1	63339374	63339398	3	8C_32psu_3,CTRL_8C_26psu_1,CTRL_8C_26psu_2	8C_26psu_2,8C_26psu_4	0.704545454545455	0.833333333333333	NA	0.906976744186046	0.96875	0.666666666666667	0.62962962962963	0.80952380952381	0.611111111111111	0.418604651162791	0.590909090909091	0.333333333333333	0.891891891891892	1	0.952380952380952	0.857142857142857	0.795918367346939	0.666666666666667	0.971428571428571	0.972222222222222	NC_027308.1:63339374-63339398
NC_027308.1	98121200	98121231	4	CTRL_16C_26psu_1,CTRL_16C_26psu_2,16C_26psu_3	8C_26psu_1,8C_32psu_1,16C_32psu_3,16C_32psu_4	0.5625	0.583333333333333	0.916666666666667	0.769230769230769	0.428571428571429	0.707317073170732	0.181818181818182	0.535714285714286	0.181818181818182	0.411764705882353	0.5	NA	0.130434782608696	0.4	NA	0.571428571428571	0.814814814814815	0.821428571428571	0.6	0.509803921568627	NC_027308.1:98121200-98121231
NC_027308.1	106006168	106006225	4	16C_26psu_4,16C_32psu_2,16C_26psu_2	8C_26psu_2,8C_32psu_2	0.251572327044025	0.411392405063291	0.351351351351351	0.516393442622951	0.267857142857143	0.392857142857143	0.315068493150685	0.282608695652174	0.373493975903614	0.141666666666667	0.37984496124031	0.136363636363636	0.186046511627907	0.0571428571428571	0.168141592920354	NA	0.224	0.4	NA	0.209302325581395	NC_027308.1:106006168-106006225
NC_027308.1	141223386	141223407	3	CTRL_8C_26psu_2,CTRL_8C_26psu_1	8C_32psu_4,8C_32psu_3	0.545454545454545	0.923076923076923	NA	1	0.675675675675676	0.921052631578947	0.833333333333333	0.923076923076923	0.864864864864865	0.707317073170732	0.847826086956522	0.888888888888889	0.790697674418605	1	0.725806451612903	0.651162790697674	0.836065573770492	0.764705882352941	1	0.988235294117647	NC_027308.1:141223386-141223407
NC_027309.1	10247176	10247199	3	16C_26psu_1,8C_26psu_1,8C_26psu_2,8C_26psu_3		0.1875	0.107142857142857	0	0.0263157894736842	0.0540540540540541	0	0.0416666666666667	NA	0.388888888888889	0.242424242424242	0.307692307692308	0.2	0.078125	0.0333333333333333	0.0909090909090909	0.125	0.0625	NA	0	0.181818181818182	NC_027309.1:10247176-10247199
NC_027309.1	11917541	11917574	3	16C_32psu_1,16C_32psu_2,CTRL_8C_26psu_1,CTRL_8C_26psu_2	CTRL_16C_26psu_1	0.0153846153846154	0.0454545454545455	NA	0	0.555555555555556	0.607142857142857	0	0.2	0.0909090909090909	0	0.0344827586206897	0	0.107142857142857	0.0350877192982456	0.0606060606060606	0	0.0147058823529412	0.131578947368421	0.5	0.282051282051282	NC_027309.1:11917541-11917574
NC_027309.1	63587982	63588016	4	16C_26psu_3,8C_26psu_2,8C_26psu_4	16C_32psu_3,8C_32psu_4	0.272727272727273	0.416666666666667	0.75	0.65625	0.568965517241379	0.45	0.166666666666667	0.294117647058824	0.318181818181818	0.794117647058823	0.428571428571429	0.933333333333333	0.382352941176471	0.24	0.53125	0.25	0.551020408163265	0.5	NA	0.458333333333333	NC_027309.1:63587982-63588016
NC_027310.1	1636575	1636595	3	16C_26psu_1,16C_26psu_3,8C_32psu_3	CTRL_8C_26psu_2	0.606060606060606	0.25	0.8	0.137931034482759	0.34	0.219512195121951	0.103448275862069	NA	0.423076923076923	0.259259259259259	0.183673469387755	NA	0.111111111111111	0.111111111111111	0.444444444444444	0.4	0.210526315789474	0	0.333333333333333	0.0357142857142857	NC_027310.1:1636575-1636595
NC_027310.1	9363306	9363377	4	8C_26psu_1,8C_26psu_2,8C_26psu_3,CTRL_16C_26psu_1,8C_32psu_4,8C_32psu_3	16C_32psu_1,16C_32psu_2	0.639344262295082	0.857142857142857	NA	0.454545454545455	0.405405405405405	0.205128205128205	0.695652173913043	0.75	0.909090909090909	0.945945945945946	0.777777777777778	0.555555555555556	0.80952380952381	0.847457627118644	0.902439024390244	0.923076923076923	0.934782608695652	0.933333333333333	0.583333333333333	NA	NC_027310.1:9363306-9363377
NC_027310.1	19942602	19942879	10	CTRL_16C_26psu_1,CTRL_16C_26psu_2	16C_26psu_1,16C_32psu_3,16C_32psu_2	0.677083333333333	0.918032786885246	0.989247311827957	0.986842105263158	0.943820224719101	0.321739130434783	0.563636363636364	0.94949494949495	0.932203389830508	0.88659793814433	0.88135593220339	1	0.945205479452055	0.95	0.932203389830508	0.893617021276596	0.90625	0.918604651162791	0.957264957264957	0.876712328767123	NC_027310.1:19942602-19942879
NC_027310.1	25968941	25968984	3	16C_26psu_2,16C_26psu_3	8C_32psu_1,8C_32psu_3,CTRL_16C_26psu_1,16C_32psu_1	0.833333333333333	0.905660377358491	0.916666666666667	0.644444444444444	0.56140350877193	0.75	0.611111111111111	NA	0.590909090909091	0.85	0.769230769230769	NA	0.409090909090909	0.636363636363636	0.517241379310345	0.790697674418605	0.363636363636364	0.785714285714286	0.875	0.923076923076923	NC_027310.1:25968941-25968984
NC_027310.1	30966257	30966517	6	16C_26psu_3,16C_26psu_1,16C_32psu_4,8C_26psu_2,8C_26psu_3,8C_26psu_4	CTRL_16C_26psu_1	0.147286821705426	0.0646766169154229	0.526315789473684	0.12258064516129	0.040650406504065	0.147826086956522	0.0546218487394958	0.16243654822335	0.165467625899281	0.146520146520147	0.0836501901140684	0.123711340206186	0.1	0.0952380952380952	0.136904761904762	0.0606060606060606	0.0335917312661499	0.108433734939759	0.0943396226415094	0.0988142292490119	NC_027310.1:30966257-30966517
NC_027311.1	6723209	6723215	3	16C_26psu_3,8C_26psu_2,8C_26psu_4	16C_32psu_4,CTRL_16C_26psu_2	0.717948717948718	0.722222222222222	1	NA	0.428571428571429	0.866666666666667	NA	0.133333333333333	0.631578947368421	1	0.575757575757576	1	0.666666666666667	0.666666666666667	0.8	0.766666666666667	0.741935483870968	0.333333333333333	0.588235294117647	0.6	NC_027311.1:6723209-6723215
NC_027311.1	20404097	20404104	3	16C_32psu_2,16C_32psu_3	16C_26psu_4,8C_32psu_3	0.619047619047619	0.789473684210526	NA	0.363636363636364	0.67741935483871	1	1	0.5	0.6	0.638888888888889	0.583333333333333	NA	0.84	0.523809523809524	0.291666666666667	0.666666666666667	0.782608695652174	0.821428571428571	NA	0.771428571428571	NC_027311.1:20404097-20404104
NC_027311.1	42566167	42566263	5	16C_32psu_1,CTRL_8C_26psu_1,CTRL_8C_26psu_2	8C_32psu_4,8C_32psu_3,CTRL_16C_26psu_1	0.605263157894737	0.5	NA	0.5625	0.773584905660377	0.645161290322581	0.457142857142857	0.794117647058823	0.6	0.709090909090909	0.6	0.708333333333333	0.416666666666667	0.565217391304348	0.433333333333333	0.341463414634146	0.433734939759036	0.64	0.869565217391304	0.8	NC_027311.1:42566167-42566263
NC_027311.1	79790367	79790382	3	16C_26psu_1,16C_26psu_2,8C_26psu_3	CTRL_8C_26psu_1	1	1	0.611111111111111	NA	NA	0.769230769230769	0.702702702702703	0.857142857142857	0.933333333333333	0.628571428571429	1	NA	0.76	NA	0.565217391304348	0.722222222222222	0.740740740740741	0.740740740740741	0.355555555555556	0.777777777777778	NC_027311.1:79790367-79790382
NC_027312.1	10010731	10010809	3	16C_32psu_2,8C_32psu_3,8C_32psu_2,8C_26psu_1	CTRL_16C_26psu_1,16C_26psu_1	0.0392156862745098	0	0.1	0.222222222222222	0.344827586206897	0.647058823529412	0.26	0.25	0.523809523809524	0	0.451612903225806	0	0.375	0.530612244897959	0.8	0.390243902439024	0.0533333333333333	0.107142857142857	0.642857142857143	0.363636363636364	NC_027312.1:10010731-10010809
NC_027312.1	34714414	34714434	5	16C_26psu_1,16C_26psu_3,CTRL_8C_26psu_1		0.132530120481928	0	0.12987012987013	0.00934579439252336	0.0101010101010101	0	0	0	0.0111111111111111	0.015625	0.0172413793103448	NA	0.0114285714285714	0	0	NA	0.00862068965517241	0.027027027027027	0.179487179487179	0.0294117647058824	NC_027312.1:34714414-34714434
NC_027312.1	39403614	39403654	6	CTRL_8C_26psu_2,CTRL_16C_26psu_2,CTRL_8C_26psu_1	16C_26psu_1,16C_26psu_4,8C_26psu_1	0.689320388349515	0.96078431372549	NA	0.74	0.866666666666667	0.833333333333333	0.909090909090909	NA	0.805555555555556	0.9	0.82089552238806	NA	0.982758620689655	0.980392156862745	0.833333333333333	0.933333333333333	0.794871794871795	0.986486486486487	1	1	NC_027312.1:39403614-39403654
NC_027312.1	82133061	82133149	5	16C_32psu_4,16C_32psu_2		0	0	0	0.072463768115942	0.025	0.135135135135135	0.037037037037037	0.8	0	0	0	NA	0.0487804878048781	0.024390243902439	0.0277777777777778	0	0.0126582278481013	0.0151515151515152	0.105263157894737	0.0491803278688525	NC_027312.1:82133061-82133149
NC_027313.1	21958995	21959073	6	16C_32psu_1,16C_32psu_2,8C_26psu_2,8C_26psu_3	8C_32psu_1,8C_32psu_4	0.666666666666667	0.5	0.333333333333333	0.460526315789474	0.753424657534247	0.695652173913043	0.423076923076923	0.452380952380952	0.505494505494505	0.689189189189189	0.688172043010753	NA	0.455696202531646	0.7	0.516666666666667	0.328571428571429	0.4	0.471698113207547	NA	0.588235294117647	NC_027313.1:21958995-21959073
NC_027313.1	27547923	27547948	3	CTRL_8C_26psu_1,CTRL_8C_26psu_2	16C_32psu_2,CTRL_16C_26psu_1,8C_26psu_4	0.981818181818182	0.867924528301887	1	0.952380952380952	0.909090909090909	0.776470588235294	0.952380952380952	0.868421052631579	0.984848484848485	0.979166666666667	0.935483870967742	0.6875	0.933333333333333	0.925925925925926	0.912280701754386	0.826086956521739	0.833333333333333	1	0.985401459854015	1	NC_027313.1:27547923-27547948
NC_027313.1	62241020	62241056	5	16C_32psu_1,16C_32psu_4,8C_26psu_2,CTRL_8C_26psu_1,8C_26psu_4	16C_26psu_3,16C_26psu_1	0.145161290322581	0.25	0.0621761658031088	0.318840579710145	0.581395348837209	0.28169014084507	0.233333333333333	0.571428571428571	0.3125	0.608695652173913	0.350877192982456	0.909090909090909	0.225	0.133333333333333	0.169491525423729	NA	0.137254901960784	0.173913043478261	0.435483870967742	0.352941176470588	NC_027313.1:62241020-62241056
NC_027314.1	29441	29483	8	CTRL_8C_26psu_1,CTRL_8C_26psu_2	8C_26psu_3,8C_32psu_3,CTRL_16C_26psu_2	0.892086330935252	0.835616438356164	0.891304347826087	0.909774436090226	0.8	0.896551724137931	0.820689655172414	0.922077922077922	0.925619834710744	0.927777777777778	0.774725274725275	1	0.89344262295082	0.903225806451613	0.76530612244898	0.933884297520661	0.904761904761905	0.829113924050633	1	0.907692307692308	NC_027314.1:29441-29483
NC_027314.1	23735231	23735268	3	CTRL_8C_26psu_2,8C_26psu_1,8C_26psu_2,8C_26psu_3	16C_26psu_2,8C_32psu_1,CTRL_16C_26psu_2,16C_32psu_1	0.75	0.552238805970149	0.84	0.645833333333333	0.557377049180328	0.79746835443038	0.444444444444444	0.628571428571429	0.902777777777778	0.927272727272727	0.810126582278481	0.714285714285714	0.2	0.875	0.567567567567568	0.648648648648649	0.828571428571429	0.370967741935484	0.517241379310345	0.895522388059702	NC_027314.1:23735231-23735268
NC_027314.1	26137454	26137711	5	16C_26psu_1,16C_26psu_2,8C_32psu_1,16C_26psu_3	8C_26psu_2,16C_32psu_1,CTRL_8C_26psu_1	0.767857142857143	0.846153846153846	1	0.565217391304348	0.511904761904762	0.651515151515151	0.555555555555556	0.555555555555556	0.722222222222222	0.225806451612903	0.233333333333333	0.529411764705882	0.787234042553192	0.774193548387097	0.607142857142857	0.560606060606061	0.618181818181818	0.59375	0.357142857142857	0.727272727272727	NC_027314.1:26137454-26137711
NC_027314.1	49297515	49297533	4	16C_26psu_1,16C_26psu_3,CTRL_16C_26psu_2	16C_32psu_1	0.868852459016393	0.735632183908046	0.779661016949153	0.652173913043478	0.385542168674699	0.617647058823529	0.53125	0.909090909090909	0.654320987654321	0.5625	0.614457831325301	0.851851851851852	0.654545454545455	0.614285714285714	0.520833333333333	0.645161290322581	0.643564356435644	0.853333333333333	0.582278481012658	0.675675675675676	NC_027314.1:49297515-49297533
NC_027314.1	59735910	59735943	4	CTRL_16C_26psu_2,CTRL_16C_26psu_1	CTRL_8C_26psu_1,CTRL_8C_26psu_2,16C_32psu_2,16C_32psu_3,16C_26psu_3	0.463414634146341	0.446808510638298	0.206896551724138	0.238095238095238	0.51219512195122	0.115384615384615	0	NA	0.428571428571429	0.520833333333333	0.369565217391304	NA	0.516666666666667	0.222222222222222	0.2	0.538461538461538	0.573529411764706	0.80327868852459	0	0.22972972972973	NC_027314.1:59735910-59735943
NC_027314.1	67525286	67525316	3	8C_26psu_3,8C_32psu_1,8C_32psu_2,8C_32psu_4	16C_26psu_4,16C_32psu_1	0.581395348837209	0.571428571428571	0.606060606060606	0.5	0.468354430379747	0.727272727272727	0.428571428571429	NA	0.666666666666667	0.48936170212766	0.916666666666667	NA	0.842857142857143	0.861111111111111	0.805555555555556	0.857142857142857	0.542372881355932	0.736842105263158	0.75	0.596774193548387	NC_027314.1:67525286-67525316
NC_027314.1	82444808	82444840	3	16C_26psu_1,16C_26psu_3,8C_26psu_1	8C_32psu_2,16C_32psu_4	0.650793650793651	0.393939393939394	0.833333333333333	0.4	0.370967741935484	0.458333333333333	0.48936170212766	0.242424242424242	0.75	0.458333333333333	0.492063492063492	0.533333333333333	0.6	0.266666666666667	0.5	0.512820512820513	0.349206349206349	0.305555555555556	0.4	0.612903225806452	NC_027314.1:82444808-82444840
NC_027314.1	88512181	88512203	3	16C_32psu_2,8C_32psu_3,8C_32psu_4		0	0	0.0666666666666667	0	0.0303030303030303	0.285714285714286	0	NA	0	0.0384615384615385	0	0	0.0384615384615385	0.0606060606060606	0.114754098360656	0.260869565217391	0	0	0	0.0425531914893617	NC_027314.1:88512181-88512203
NC_027315.1	66651687	66651719	4	8C_32psu_1,8C_32psu_2,CTRL_8C_26psu_2	8C_26psu_4	0.631578947368421	0.578947368421053	0.659090909090909	0.727272727272727	0.571428571428571	0.666666666666667	0.543478260869565	NA	0.5	0.555555555555556	0.597222222222222	0.25	0.952380952380952	0.892857142857143	0.645161290322581	NA	0.604166666666667	0.530612244897959	NA	0.807017543859649	NC_027315.1:66651687-66651719
NC_027315.1	67320163	67320258	3	CTRL_8C_26psu_1,CTRL_8C_26psu_2	8C_32psu_3	0.541666666666667	0.285714285714286	0.357142857142857	0.208333333333333	0.666666666666667	0.384615384615385	0.1875	0.5	0.5	0.25	0.28125	NA	0.323529411764706	0.59375	0.183333333333333	0.388888888888889	0.333333333333333	0.526315789473684	0.55	0.833333333333333	NC_027315.1:67320163-67320258
NC_027315.1	85727905	85728108	10	8C_26psu_4,8C_26psu_2	CTRL_16C_26psu_1,CTRL_8C_26psu_2,16C_26psu_2	0.939130434782609	0.845238095238095	0.972222222222222	0.961538461538462	0.909836065573771	0.904761904761905	0.87012987012987	0.908396946564885	0.933884297520661	1	0.884146341463415	0.988095238095238	0.920792079207921	0.944444444444444	0.890625	NA	0.864516129032258	0.8	0.905660377358491	0.751054852320675	NC_027315.1:85727905-85728108
NC_027316.1	16907555	16907621	7	16C_32psu_1,16C_32psu_2,CTRL_16C_26psu_2	16C_26psu_4	0.137404580152672	0.25	0.25	0.130081300813008	0.246913580246914	0.488372093023256	0.103448275862069	0.266666666666667	0.26027397260274	0.243697478991597	0.188034188034188	0.24	0.170588235294118	0.282051282051282	NA	0.169811320754717	0.126582278481013	0.591549295774648	0.189873417721519	0.218905472636816	NC_027316.1:16907555-16907621
NC_027316.1	53446169	53446255	9	16C_32psu_3,8C_26psu_2,16C_26psu_2,16C_32psu_2		0.0165289256198347	0.143884892086331	NA	0.0333333333333333	0.0304878048780488	0.0628930817610063	0.138211382113821	0.0352941176470588	0.0229885057471264	0.107344632768362	0.0319148936170213	NA	0.0112994350282486	0.00699300699300699	0.0352112676056338	0.0206896551724138	0.0163934426229508	0.0396825396825397	NA	0	NC_027316.1:53446169-53446255
NC_027317.1	3175480	3175503	4	16C_26psu_2,16C_26psu_1	16C_32psu_1,8C_26psu_4,16C_32psu_3	0.982142857142857	1	NA	0.9375	0.76056338028169	0.946428571428571	0.3	0.928571428571429	0.931818181818182	0.931818181818182	0.909090909090909	0.4	NA	0.761904761904762	0.91304347826087	1	0.844827586206897	0.914893617021277	0.779661016949153	0.96	NC_027317.1:3175480-3175503
NC_027317.1	9786340	9786358	3	CTRL_8C_26psu_1,CTRL_8C_26psu_2	16C_26psu_1,16C_26psu_2,CTRL_16C_26psu_1	0.431818181818182	0.459016393442623	0.692307692307692	0.602739726027397	0.622222222222222	0.759036144578313	0.78125	0.675675675675676	0.625	0.608695652173913	0.74468085106383	0.761904761904762	0.709090909090909	0.62	0.652173913043478	0.727272727272727	0.326923076923077	0.5	0.825581395348837	0.828947368421053	NC_027317.1:9786340-9786358
NC_027317.1	10037398	10037453	7	16C_26psu_1,16C_26psu_3	16C_32psu_1,16C_32psu_3,8C_32psu_1,CTRL_16C_26psu_2,8C_32psu_4	0.955882352941177	0.866666666666667	0.960526315789474	0.827586206896552	0.520325203252033	0.806201550387597	0.544303797468354	0.829787234042553	0.860869565217391	0.826530612244898	0.698275862068966	NA	0.544117647058823	0.747572815533981	0.780821917808219	0.614285714285714	0.821138211382114	0.634920634920635	0.621212121212121	0.869047619047619	NC_027317.1:10037398-10037453
NC_027317.1	50414938	50415070	5	16C_26psu_1,16C_26psu_4,CTRL_8C_26psu_2	8C_26psu_4,8C_26psu_3	0.603448275862069	0.393939393939394	NA	0.727272727272727	0	0.375	NA	0.571428571428571	0.3	NA	0.125	0.194444444444444	0.15625	0.352941176470588	0.125	0.184210526315789	0.548387096774194	0.454545454545455	0.25	0.611111111111111	NC_027317.1:50414938-50415070
NC_027317.1	66759895	66759966	3	8C_32psu_1,8C_32psu_3,CTRL_16C_26psu_1,16C_32psu_2	16C_26psu_1,8C_26psu_2,8C_26psu_4	0.302325581395349	0.583333333333333	NA	0.5	0.666666666666667	1	0.466666666666667	1	1	0.380952380952381	0.475	0	1	0.5	1	0.411764705882353	0.939393939393939	0.53125	0.625	0.6875	NC_027317.1:66759895-66759966
NC_027317.1	70412879	70412901	4	8C_26psu_1,8C_26psu_2,8C_32psu_2	16C_26psu_3,16C_26psu_2	0.430769230769231	0.166666666666667	0.142857142857143	0.351851851851852	0.410714285714286	0.318681318681319	0.411764705882353	0.458333333333333	0.692307692307692	0.78125	0.468085106382979	NA	0.521739130434783	0.777777777777778	0.375	0.266666666666667	0.3	0.333333333333333	NA	0.384615384615385	NC_027317.1:70412879-70412901
NC_027318.1	8420270	8420323	6	8C_26psu_2,8C_26psu_4,CTRL_8C_26psu_1		0	0.0533333333333333	0	0.0649350649350649	0	0.169230769230769	0.025	0.025	0.0337078651685393	0.189473684210526	0.08	0.0731707317073171	0	0.08	0	0.05	0.125	0.05	0.542857142857143	0.03125	NC_027318.1:8420270-8420323
NC_027318.1	52829557	52829851	4	8C_32psu_2,CTRL_16C_26psu_1,16C_26psu_3,16C_26psu_1,8C_26psu_4	CTRL_8C_26psu_1	0.666666666666667	0.6875	0.8125	0.25	0.102040816326531	0.184210526315789	0.214285714285714	0.266666666666667	0.380952380952381	0.25	0.0384615384615385	0.807692307692308	0.2	0.789473684210526	0.08	0.392857142857143	0.634146341463415	0.214285714285714	0	0.127659574468085	NC_027318.1:52829557-52829851
NC_027319.1	55357940	55358035	7	CTRL_16C_26psu_1,16C_26psu_2,8C_32psu_4,16C_26psu_4	16C_32psu_1,16C_32psu_2,CTRL_8C_26psu_2,8C_26psu_1,8C_26psu_2	0.53448275862069	0.88	NA	0.886792452830189	0.126760563380282	0.032258064516129	0.615384615384615	0.5	0.0487804878048781	0.0588235294117647	0.4	0.3125	0.5	0.283333333333333	0.45	0.730769230769231	0.596774193548387	0.46551724137931	NA	0.0958904109589041	NC_027319.1:55357940-55358035
NC_027319.1	57289674	57289709	5	16C_32psu_3,16C_32psu_2	CTRL_16C_26psu_1,8C_26psu_3,8C_32psu_4	0.428571428571429	0.6	1	0.636363636363636	0.671428571428571	0.744186046511628	0.8	0.681818181818182	0.681159420289855	0.515151515151515	0.3125	NA	0.838709677419355	0.5	0.527027027027027	0.366666666666667	0.5	0.821428571428571	NA	0.622222222222222	NC_027319.1:57289674-57289709
NC_027319.1	86000880	86000891	3	16C_32psu_2,CTRL_16C_26psu_1,16C_32psu_4	16C_26psu_1,8C_26psu_2	0.5	0.653846153846154	NA	0.769230769230769	0.931034482758621	1	1	0.970588235294118	0.708333333333333	0.52	0.84	NA	0.6875	0.8125	NA	0.8	1	0.767441860465116	0.916666666666667	0.743589743589744	NC_027319.1:86000880-86000891
NC_027320.1	29936171	29936195	3	8C_32psu_1,8C_32psu_3,8C_32psu_4	16C_26psu_2	0.351351351351351	0.129032258064516	0	0.333333333333333	0.272727272727273	0.210526315789474	0.173913043478261	0.365853658536585	0.5	0.551724137931034	0.4	NA	0.609756097560976	0.4	0.666666666666667	0.653846153846154	0.333333333333333	0.592592592592593	0.117647058823529	0.594594594594595	NC_027320.1:29936171-29936195
NC_027320.1	30764747	30764821	4	16C_32psu_3,8C_26psu_4,16C_26psu_1,16C_26psu_3,8C_26psu_1,CTRL_16C_26psu_2	CTRL_8C_26psu_1	0.882352941176471	0.354838709677419	0.793103448275862	0.0769230769230769	0	0.0256410256410256	0.404761904761905	0	0.482758620689655	0	0.0172413793103448	0.477272727272727	0	0.0625	0	0.0416666666666667	0.0232558139534884	0.48	0	0.0487804878048781	NC_027320.1:30764747-30764821
NC_027320.1	51178179	51178241	4	8C_26psu_1,8C_26psu_4,CTRL_8C_26psu_1	8C_32psu_4,CTRL_16C_26psu_2	0.474683544303797	0.50354609929078	0.488888888888889	0.427272727272727	0.463054187192118	0.424	0.333333333333333	0.518518518518518	0.532374100719424	0.376344086021505	0.324324324324324	0.681818181818182	0.426229508196721	0.339805825242718	0.409722222222222	0.160714285714286	0.469613259668508	0.225806451612903	0.615384615384615	0.368159203980099	NC_027320.1:51178179-51178241
NC_027322.1	324517	324547	4	8C_26psu_3,CTRL_16C_26psu_1,CTRL_16C_26psu_2	8C_32psu_1,CTRL_8C_26psu_1	0.642857142857143	0.571428571428571	1	0.555555555555556	0.470588235294118	0.272727272727273	NA	1	0.92	0.927272727272727	0.962962962962963	0.870967741935484	0.185185185185185	0.5	0.636363636363636	0.808510638297872	0.95	0.866666666666667	0.3125	0.5	NC_027322.1:324517-324547
NC_027322.1	21189940	21189945	3	8C_26psu_2,8C_26psu_4,CTRL_16C_26psu_1,CTRL_8C_26psu_1	16C_32psu_1	0.839805825242718	0.86046511627907	0.865979381443299	0.860082304526749	0.829015544041451	0.888059701492537	0.822916666666667	0.754385964912281	0.888888888888889	0.932835820895522	0.920634920634921	0.914893617021277	0.876543209876543	0.792207792207792	0.877551020408163	0.804597701149425	0.921875	0.898550724637681	0.850746268656716	0.827004219409283	NC_027322.1:21189940-21189945
NC_027322.1	22216873	22216920	4	16C_26psu_2,16C_32psu_3,CTRL_16C_26psu_2,16C_26psu_1		0.408450704225352	0.325	NA	0.233333333333333	0	NA	0.8	0	0	0.21875	0	NA	0.317073170731707	0.272727272727273	0.15	0	0.166666666666667	0.8	NA	0.111111111111111	NC_027322.1:22216873-22216920
NC_027323.1	12266089	12266162	6	16C_32psu_1,CTRL_16C_26psu_1,CTRL_8C_26psu_1,16C_32psu_4	8C_32psu_3,8C_32psu_4,16C_26psu_3	0.459627329192547	0.429824561403509	0.30952380952381	0.449367088607595	0.727272727272727	0.677966101694915	0.548387096774194	0.736842105263158	0.505882352941176	0.445454545454545	0.357142857142857	0.71875	0.37037037037037	0.662162162162162	0.295918367346939	0.377551020408163	0.702020202020202	0.692307692307692	0.634615384615385	0.720588235294118	NC_027323.1:12266089-12266162
NC_027323.1	25170289	25170314	3	16C_26psu_4,8C_26psu_1,8C_32psu_4,CTRL_8C_26psu_1,CTRL_8C_26psu_2		0.0444444444444444	0	NA	0.285714285714286	0.138888888888889	0.0833333333333333	0	0.0476190476190476	0.285714285714286	0	0	0	0.0666666666666667	0.114285714285714	0.0277777777777778	0.214285714285714	0	0.0425531914893617	0.214285714285714	0.3125	NC_027323.1:25170289-25170314
NC_027324.1	37618308	37618386	6	16C_32psu_1,8C_32psu_1,CTRL_16C_26psu_1,CTRL_16C_26psu_2,8C_32psu_3,16C_32psu_4	16C_26psu_1,8C_26psu_4,16C_26psu_3,8C_26psu_1,CTRL_8C_26psu_1,CTRL_8C_26psu_2,8C_26psu_2	0.149122807017544	0.30952380952381	0.12962962962963	0.368421052631579	0.8	0.373134328358209	0.266666666666667	0.7	0.2	0.267241379310345	0.368421052631579	0	0.463917525773196	0.215909090909091	0.452054794520548	0.450980392156863	0.527472527472527	0.604651162790698	0.148514851485149	0.237179487179487	NC_027324.1:37618308-37618386
NC_027326.1	27678791	27678816	3	CTRL_8C_26psu_1,CTRL_8C_26psu_2	CTRL_16C_26psu_1,16C_32psu_2	0.863636363636364	0.862068965517241	0.787878787878788	0.848484848484849	0.795918367346939	0.58	0.754098360655738	0.785714285714286	0.810810810810811	0.781818181818182	0.745098039215686	0.782608695652174	0.75	0.795454545454545	0.701754385964912	0.714285714285714	0.545454545454545	0.807692307692308	0.966101694915254	0.91304347826087	NC_027326.1:27678791-27678816
